timestamp,power_w,cumulative_kwh,cost_usd
2026-07-10T14:21:34,14.4669,3.29855e-05,4.94782e-06
2026-07-10T14:25:38,17.9295,2.87196e-05,4.30795e-06
2026-07-10T14:25:43,14.842,5.7751e-05,8.66265e-06
2026-07-10T14:25:49,26.927,9.01534e-05,1.3523e-05
2026-07-10T14:25:54,28.5262,0.000119627,1.79441e-05
2026-07-10T14:26:00,14.6116,0.000149556,2.24334e-05
2026-07-10T14:26:05,15.9602,0.000181813,2.7272e-05
2026-07-10T14:26:10,38.9775,0.000213908,3.20861e-05
2026-07-10T14:26:16,27.9982,0.000240696,3.61044e-05
2026-07-10T14:26:21,14.9486,0.000268872,4.03309e-05
2026-07-10T14:26:26,20.962,0.000299869,4.49804e-05
2026-07-10T14:26:32,40.5478,0.000337125,5.05687e-05
2026-07-10T14:26:37,18.001,0.000367262,5.50893e-05
2026-07-10T14:26:43,13.9635,0.00040063,6.00945e-05
2026-07-10T14:26:48,16.4527,0.000430937,6.46406e-05
2026-07-10T14:26:53,17.0124,0.000480362,7.20543e-05
2026-07-10T14:26:59,14.654,0.000524227,7.8634e-05
2026-07-10T14:27:04,47.0662,0.00059086,8.8629e-05
2026-07-10T14:27:09,37.0651,0.000638004,9.57006e-05
2026-07-10T14:27:15,14.8962,0.000681869,0.00010228
2026-07-10T14:27:20,36.6703,0.000718343,0.000107751
2026-07-10T14:27:26,19.1201,0.000757781,0.000113667
2026-07-10T14:27:28,26.389,3.8762e-05,5.81429e-06
2026-07-10T14:27:31,14.7697,0.000795826,0.000119374
2026-07-10T14:27:36,28.9163,0.000841339,0.000126201
2026-07-10T14:27:42,18.0453,0.000875556,0.000131333
2026-07-10T14:27:47,15.3274,0.000908909,0.000136336
2026-07-10T14:27:52,24.9791,0.000952958,0.000142944
2026-07-10T14:27:58,30.1278,0.000983775,0.000147566
2026-07-10T14:28:03,14.913,0.00100625,0.000150938
2026-07-10T14:28:09,16.9032,0.00103443,0.000155165
2026-07-10T14:28:14,15.9761,0.00106628,0.000159942
2026-07-10T14:28:19,17.1527,0.00109219,0.000163829
2026-07-10T14:28:25,13.8959,0.00112679,0.000169018
2026-07-10T14:28:30,28.5379,0.00115919,0.000173878
2026-07-10T14:28:35,14.9425,0.00119435,0.000179153
2026-07-10T14:28:41,35.6548,0.00122555,0.000183833
2026-07-10T14:28:46,14.762,0.00125679,0.000188518
2026-07-10T14:28:51,13.9192,0.00128413,0.000192619
2026-07-10T14:28:57,36.8737,0.00131629,0.000197444
2026-07-10T14:29:02,17.2113,0.00134193,0.00020129
2026-07-10T14:29:11,18.965,3.19071e-05,4.78606e-06
2026-07-10T14:29:17,13.0161,6.27357e-05,9.41036e-06
2026-07-10T14:29:22,12.9599,9.69751e-05,1.45463e-05
2026-07-10T14:29:27,17.0323,0.000135189,2.02784e-05
2026-07-10T14:29:33,34.1968,0.000171154,2.56731e-05
2026-07-10T14:29:38,23.5182,0.000208045,3.12068e-05
2026-07-10T14:29:43,26.0532,0.000251371,3.77056e-05
2026-07-10T14:29:49,30.1335,0.000284389,4.26583e-05
2026-07-10T14:29:54,45.234,0.000323896,4.85845e-05
2026-07-10T14:30:00,31.1642,0.000366542,5.49813e-05
2026-07-10T14:30:05,14.2995,0.000401759,6.02638e-05
2026-07-10T14:30:10,14.704,0.000429208,6.43812e-05
2026-07-10T14:30:16,23.9065,0.000457612,6.86418e-05
2026-07-10T14:30:21,24.9817,0.000488569,7.32854e-05
2026-07-10T14:30:26,15.8061,0.000516408,7.74612e-05
2026-07-10T14:30:32,15.7759,0.000551897,8.27845e-05
2026-07-10T14:30:37,19.9007,0.000579156,8.68735e-05
2026-07-10T14:30:43,13.9797,0.000610321,9.15481e-05
2026-07-10T14:30:48,26.0174,0.000642522,9.63783e-05
2026-07-10T14:30:53,31.0421,0.000675206,0.000101281
2026-07-10T14:30:59,14.737,0.000709604,0.000106441
2026-07-10T14:31:04,15.8679,0.000741494,0.000111224
2026-07-10T14:31:09,15.9179,0.00076913,0.00011537
2026-07-10T14:31:15,28.855,0.000798127,0.000119719
2026-07-10T14:31:20,14.806,0.000822327,0.000123349
2026-07-10T14:31:25,13.0089,0.000858753,0.000128813
2026-07-10T14:31:31,21.6525,0.000888536,0.00013328
2026-07-10T14:31:36,14.2918,0.000926235,0.000138935
2026-07-10T14:31:42,14.8414,0.000956601,0.00014349
2026-07-10T14:31:47,27.6276,0.000998753,0.000149813
2026-07-10T14:31:52,13.973,0.00102847,0.00015427
2026-07-10T14:31:58,54.4322,0.00107761,0.000161641
2026-07-10T14:32:03,40.3762,0.00114654,0.00017198
2026-07-10T14:32:09,81.991,0.0012185,0.000182775
2026-07-10T14:32:14,34.3241,0.00129084,0.000193626
2026-07-10T14:32:19,41.6582,0.0013544,0.00020316
2026-07-10T14:32:25,74.8958,0.00143514,0.000215271
2026-07-10T14:32:30,60.5907,0.00149887,0.000224831
2026-07-10T14:32:36,67.1756,0.00156842,0.000235263
2026-07-10T14:32:41,67.148,0.00163606,0.000245408
2026-07-10T14:32:46,56.2584,0.00170248,0.000255372
2026-07-10T14:32:51,54.9381,0.00177438,0.000266157
2026-07-10T14:32:56,54.8304,0.00184317,0.000276475
2026-07-10T14:33:01,71.7146,0.00191257,0.000286886
2026-07-10T14:33:06,61.6505,0.00199505,0.000299257
2026-07-10T14:33:11,48.8118,0.00206613,0.000309919
2026-07-10T14:33:16,68.2831,0.00212699,0.000319048
2026-07-10T14:33:21,56.088,0.00220471,0.000330706
2026-07-10T14:33:26,38.8328,0.00228846,0.000343269
2026-07-10T14:33:31,59.5089,0.00235363,0.000353044
2026-07-10T14:33:36,44.2842,0.00242555,0.000363832
2026-07-10T14:33:41,57.6948,0.00248956,0.000373434
2026-07-10T14:33:46,26.4853,0.00256724,0.000385087
2026-07-10T14:33:51,34.5247,0.00262548,0.000393821
2026-07-10T14:33:56,41.6688,0.00269467,0.000404201
2026-07-10T14:34:01,25.0785,0.00275794,0.000413691
2026-07-10T14:34:06,53.4782,0.00282075,0.000423113
2026-07-10T14:34:11,57.0753,0.00289373,0.00043406
2026-07-10T14:34:16,49.7066,0.00296652,0.000444978
2026-07-10T14:34:21,27.4016,0.00302632,0.000453948
2026-07-10T14:34:26,39.2315,0.00308944,0.000463416
2026-07-10T14:34:31,58.6207,0.00315549,0.000473324
2026-07-10T14:34:36,32.3965,0.00321829,0.000482744
2026-07-10T14:34:41,53.2943,0.00328515,0.000492773
2026-07-10T14:34:46,23.2225,0.00333955,0.000500933
2026-07-10T14:34:51,47.1699,0.00339183,0.000508774
2026-07-10T14:34:56,43.0466,0.00346019,0.000519029
2026-07-10T14:35:01,35.4349,0.0035316,0.000529739
2026-07-10T14:35:06,54.3235,0.0035915,0.000538725
2026-07-10T14:35:11,38.4163,0.00366053,0.00054908
2026-07-10T14:35:16,44.6863,0.00372435,0.000558652
2026-07-10T14:35:21,31.0957,0.00377587,0.00056638
2026-07-10T14:35:26,37.2845,0.00383484,0.000575226
2026-07-10T14:35:31,55.1445,0.00389238,0.000583857
2026-07-10T14:35:36,64.2595,0.00395862,0.000593794
2026-07-10T14:35:41,58.221,0.00401727,0.00060259
2026-07-10T14:35:46,77.0156,0.00408634,0.000612951
2026-07-10T14:35:51,57.9029,0.00414855,0.000622282
2026-07-10T14:35:56,28.6937,0.00420251,0.000630376
2026-07-10T14:36:01,63.4561,0.00427648,0.000641472
2026-07-10T14:36:06,42.7604,0.00435043,0.000652565
2026-07-10T14:36:11,43.788,0.00441675,0.000662512
2026-07-10T14:36:16,68.8502,0.00448098,0.000672148
2026-07-10T14:36:22,69.7888,0.00454799,0.000682198
2026-07-10T14:36:27,16.5676,0.00460433,0.00069065
2026-07-10T14:36:33,38.2568,0.00466973,0.00070046
2026-07-10T14:36:38,35.2451,0.00472929,0.000709393
2026-07-10T14:36:43,32.8213,0.00478877,0.000718315
2026-07-10T14:36:49,20.1382,0.00484692,0.000727038
2026-07-10T14:36:54,29.5238,0.00491353,0.000737029
2026-07-10T14:37:00,30.732,0.00496093,0.00074414
2026-07-10T14:37:05,16.8861,0.00501637,0.000752455
2026-07-10T14:37:10,67.0076,0.00507593,0.00076139
2026-07-10T14:37:16,43.4145,0.00515024,0.000772536
2026-07-10T14:37:21,34.9025,0.00520097,0.000780146
2026-07-10T14:37:27,39.614,0.00525787,0.000788681
2026-07-10T14:37:32,51.8945,0.0053147,0.000797205
2026-07-10T14:37:37,46.4885,0.00536447,0.00080467
2026-07-10T14:37:43,37.3201,0.00541843,0.000812764
2026-07-10T14:37:48,65.9626,0.0054871,0.000823065
2026-07-10T14:37:54,41.2767,0.00555314,0.000832971
2026-07-10T14:37:59,41.0364,0.00560984,0.000841476
2026-07-10T14:38:04,42.5851,0.00566597,0.000849895
2026-07-10T14:38:10,28.7483,0.00573069,0.000859604
2026-07-10T14:38:15,39.0931,0.00578795,0.000868192
2026-07-10T14:38:21,15.6016,0.00584683,0.000877024
2026-07-10T14:38:26,48.609,0.00590636,0.000885954
2026-07-10T14:38:31,34.0678,0.00596865,0.000895298
2026-07-10T14:38:37,39.8706,0.00602789,0.000904184
2026-07-10T14:38:42,38.4926,0.00607759,0.000911639
2026-07-10T14:38:47,59.0479,0.00614089,0.000921133
2026-07-10T14:38:53,42.6225,0.0061952,0.000929281
2026-07-10T14:38:58,17.3835,0.00624706,0.000937058
2026-07-10T14:39:04,48.2424,0.00630665,0.000945997
2026-07-10T14:39:09,57.7832,0.00637065,0.000955598
2026-07-10T14:39:14,45.736,0.006436,0.000965401
2026-07-10T14:39:19,38.8069,0.00650295,0.000975442
2026-07-10T14:39:24,53.8879,0.0065719,0.000985785
2026-07-10T14:39:29,40.5818,0.00664365,0.000996548
2026-07-10T14:39:34,62.7249,0.00670817,0.00100622
2026-07-10T14:39:39,34.2692,0.00676232,0.00101435
2026-07-10T14:39:44,71.3991,0.00682173,0.00102326
2026-07-10T14:39:49,48.453,0.006881,0.00103215
2026-07-10T14:39:54,46.9769,0.00694291,0.00104144
2026-07-10T14:39:59,32.5978,0.00700128,0.00105019
2026-07-10T14:40:04,37.3756,0.00705562,0.00105834
2026-07-10T14:40:09,39.5389,0.00712092,0.00106814
2026-07-10T14:40:15,44.1367,0.00718468,0.0010777
2026-07-10T14:40:20,44.352,0.00724551,0.00108683
2026-07-10T14:40:25,41.7846,0.00730996,0.00109649
2026-07-10T14:40:30,43.5034,0.00737385,0.00110608
2026-07-10T14:40:35,46.9382,0.00744233,0.00111635
2026-07-10T14:40:40,28.3427,0.00750055,0.00112508
2026-07-10T14:40:45,46.2184,0.00756361,0.00113454
2026-07-10T14:40:50,28.2453,0.00762332,0.0011435
2026-07-10T14:40:55,37.5503,0.00768615,0.00115292
2026-07-10T14:41:00,17.4527,0.00773679,0.00116052
2026-07-10T14:41:05,51.8578,0.00779426,0.00116914
2026-07-10T14:41:10,38.3001,0.00786541,0.00117981
2026-07-10T14:41:15,51.8576,0.00793372,0.00119006
2026-07-10T14:41:20,36.6438,0.00799672,0.00119951
2026-07-10T14:41:25,31.8432,0.00806633,0.00120995
2026-07-10T14:41:30,39.1603,0.00813516,0.00122027
2026-07-10T14:41:35,52.1249,0.00821222,0.00123183
2026-07-10T14:41:40,39.3345,0.00827469,0.0012412
2026-07-10T14:41:45,31.3499,0.0083368,0.00125052
2026-07-10T14:41:50,35.9831,0.00839896,0.00125984
2026-07-10T14:41:55,60.3781,0.00846688,0.00127003
2026-07-10T14:42:00,44.7027,0.00852772,0.00127916
2026-07-10T14:42:05,43.7865,0.0085947,0.00128921
2026-07-10T14:42:10,53.3674,0.00866284,0.00129943
2026-07-10T14:42:15,37.2253,0.00872834,0.00130925
2026-07-10T14:42:20,33.9559,0.00879398,0.0013191
2026-07-10T14:42:25,38.3002,0.00885783,0.00132867
2026-07-10T14:42:30,38.1826,0.00892649,0.00133897
2026-07-10T14:42:35,50.92,0.00899383,0.00134907
2026-07-10T14:42:40,69.6116,0.00905865,0.0013588
2026-07-10T14:42:45,46.9948,0.00913214,0.00136982
2026-07-10T14:42:50,29.4065,0.00920045,0.00138007
2026-07-10T14:42:55,70.1272,0.00926984,0.00139048
2026-07-10T14:43:00,41.3619,0.00933858,0.00140079
2026-07-10T14:43:05,72.069,0.00941061,0.00141159
2026-07-10T14:43:10,43.9154,0.00948131,0.0014222
2026-07-10T14:43:15,43.9815,0.00955376,0.00143306
2026-07-10T14:43:21,43.4065,0.00961033,0.00144155
2026-07-10T14:43:26,56.2329,0.00967917,0.00145188
2026-07-10T14:43:31,34.2004,0.009746,0.0014619
2026-07-10T14:43:36,38.9592,0.00980749,0.00147112
2026-07-10T14:43:41,39.3105,0.00987117,0.00148067
2026-07-10T14:43:46,32.9592,0.00992582,0.00148887
2026-07-10T14:43:51,54.0308,0.0099859,0.00149788
2026-07-10T14:43:56,49.1011,0.0100479,0.00150718
2026-07-10T14:44:01,52.9754,0.0101132,0.00151698
2026-07-10T14:44:06,47.8103,0.0101842,0.00152763
2026-07-10T14:44:11,53.055,0.0102528,0.00153792
2026-07-10T14:44:16,51.5223,0.0103231,0.00154847
2026-07-10T14:44:21,53.781,0.010397,0.00155954
2026-07-10T14:44:26,67.7556,0.010467,0.00157005
2026-07-10T14:44:31,50.8391,0.0105296,0.00157944
2026-07-10T14:44:36,44.0917,0.0105915,0.00158872
2026-07-10T14:44:41,46.1899,0.0106617,0.00159926
2026-07-10T14:44:46,51.578,0.0107358,0.00161037
2026-07-10T14:44:51,58.9464,0.0108012,0.00162018
2026-07-10T14:44:56,37.0564,0.0108626,0.00162939
2026-07-10T14:45:01,48.4087,0.0109267,0.001639
2026-07-10T14:45:06,52.7509,0.0109964,0.00164946
2026-07-10T14:45:11,45.4439,0.0110548,0.00165822
2026-07-10T14:45:16,43.084,0.011116,0.00166739
2026-07-10T14:45:21,41.3755,0.0111735,0.00167602
2026-07-10T14:45:26,42.7676,0.0112505,0.00168758
2026-07-10T14:45:31,50.2013,0.0113216,0.00169825
2026-07-10T14:45:36,39.7969,0.0113895,0.00170842
2026-07-10T14:45:41,54.1268,0.0114551,0.00171827
2026-07-10T14:45:46,34.2223,0.0115122,0.00172683
2026-07-10T14:45:51,43.1639,0.0115766,0.00173649
2026-07-10T14:45:56,53.9797,0.0116378,0.00174566
2026-07-10T14:46:01,36.0737,0.0116975,0.00175463
2026-07-10T14:46:06,58.9144,0.0117614,0.00176421
2026-07-10T14:46:11,44.917,0.0118158,0.00177237
2026-07-10T14:46:16,41.9951,0.0118784,0.00178176
2026-07-10T14:46:21,63.5085,0.0119475,0.00179212
2026-07-10T14:46:26,54.7732,0.0120048,0.00180072
2026-07-10T14:46:31,57.0709,0.0120735,0.00181102
2026-07-10T14:46:36,48.045,0.0121445,0.00182168
2026-07-10T14:46:41,55.3349,0.0122106,0.0018316
2026-07-10T14:46:46,60.5827,0.0122824,0.00184236
2026-07-10T14:46:51,42.14,0.0123467,0.001852
2026-07-10T14:46:56,37.5477,0.0124058,0.00186087
2026-07-10T14:47:02,45.3839,0.0124747,0.00187121
2026-07-10T14:47:07,54.1105,0.0125395,0.00188093
2026-07-10T14:47:12,45.369,0.0125997,0.00188996
2026-07-10T14:47:17,39.8757,0.0126738,0.00190107
2026-07-10T14:47:22,40.2694,0.0127351,0.00191027
2026-07-10T14:47:27,53.4933,0.0128012,0.00192018
2026-07-10T14:47:32,48.9605,0.012868,0.0019302
2026-07-10T14:47:37,48.5734,0.0129354,0.0019403
2026-07-10T14:47:42,50.4018,0.0129953,0.00194929
2026-07-10T14:47:47,55.433,0.013071,0.00196065
2026-07-10T14:47:52,56.1763,0.0131482,0.00197224
2026-07-10T14:47:57,57.769,0.013227,0.00198406
2026-07-10T14:48:02,54.5564,0.013302,0.0019953
2026-07-10T14:48:07,50.3611,0.0133746,0.0020062
2026-07-10T14:48:12,46.4019,0.013439,0.00201586
2026-07-10T14:48:17,57.5497,0.0135052,0.00202578
2026-07-10T14:48:22,60.5839,0.0135759,0.00203639
2026-07-10T14:48:27,47.5127,0.0136478,0.00204717
2026-07-10T14:48:32,40.9087,0.0137121,0.00205681
2026-07-10T14:48:38,34.734,0.0137693,0.0020654
2026-07-10T14:48:43,34.0149,0.0138224,0.00207337
2026-07-10T14:48:49,29.4343,0.0138803,0.00208205
2026-07-10T14:48:54,45.0663,0.0139315,0.00208973
2026-07-10T14:48:59,42.7537,0.0139855,0.00209783
2026-07-10T14:49:05,16.8234,0.0140411,0.00210617
2026-07-10T14:49:10,30.0199,0.0140972,0.00211458
2026-07-10T14:49:16,30.9058,0.0141483,0.00212225
2026-07-10T14:49:21,17.8244,0.0141929,0.00212894
2026-07-10T14:49:26,38.1215,0.0142489,0.00213733
2026-07-10T14:49:32,30.5758,0.0143062,0.00214593
2026-07-10T14:49:37,68.7024,0.0143717,0.00215576
2026-07-10T14:49:43,50.4576,0.0144384,0.00216575
2026-07-10T14:49:48,50.0981,0.0145052,0.00217578
2026-07-10T14:49:53,36.6883,0.0145675,0.00218513
2026-07-10T14:49:59,44.1857,0.0146327,0.0021949
2026-07-10T14:50:04,34.3025,0.0146908,0.00220363
2026-07-10T14:50:10,43.9002,0.0147525,0.00221288
2026-07-10T14:50:15,55.0726,0.0148215,0.00222323
2026-07-10T14:50:20,31.0624,0.0148786,0.00223179
2026-07-10T14:50:26,41.9662,0.0149272,0.00223909
2026-07-10T14:50:31,39.8716,0.0149857,0.00224785
2026-07-10T14:50:37,44.3295,0.0150485,0.00225728
2026-07-10T14:50:42,45.9616,0.0150978,0.00226468
2026-07-10T14:50:47,30.3325,0.0151564,0.00227347
2026-07-10T14:50:53,49.4085,0.0152128,0.00228192
2026-07-10T14:50:58,35.5097,0.0152684,0.00229026
2026-07-10T14:51:03,30.8481,0.0153201,0.00229801
2026-07-10T14:51:09,35.2405,0.015376,0.00230639
2026-07-10T14:51:14,30.9311,0.0154266,0.00231399
2026-07-10T14:51:20,56.8969,0.0154806,0.00232209
2026-07-10T14:51:25,71.8746,0.0155366,0.00233049
2026-07-10T14:51:30,19.7586,0.015587,0.00233804
2026-07-10T14:51:36,39.856,0.0156447,0.00234671
2026-07-10T14:51:41,53.1795,0.0157014,0.00235521
2026-07-10T14:51:46,64.2949,0.01579,0.00236851
2026-07-10T14:51:52,62.4494,0.0158745,0.00238117
2026-07-10T14:51:57,41.9918,0.0159466,0.00239198
2026-07-10T14:52:02,42.8239,0.0160192,0.00240288
2026-07-10T14:52:07,47.4242,0.0160824,0.00241236
2026-07-10T14:52:12,51.4897,0.0161523,0.00242285
2026-07-10T14:52:18,54.1308,0.0162245,0.00243367
2026-07-10T14:52:23,44.5293,0.0162921,0.00244381
2026-07-10T14:52:29,41.0862,0.0163638,0.00245456
2026-07-10T14:52:34,41.5599,0.0164309,0.00246463
2026-07-10T14:52:39,50.47,0.0165008,0.00247511
2026-07-10T14:52:45,54.3996,0.0165671,0.00248507
2026-07-10T14:52:50,39.8582,0.0166415,0.00249623
2026-07-10T14:52:55,59.8956,0.0167082,0.00250623
2026-07-10T14:53:00,42.7805,0.016771,0.00251565
2026-07-10T14:53:06,46.7418,0.0168381,0.00252571
2026-07-10T14:53:11,47.63,0.0169042,0.00253563
2026-07-10T14:53:16,31.4865,0.0169666,0.00254499
2026-07-10T14:53:22,42.0257,0.0170198,0.00255298
2026-07-10T14:53:27,47.1293,0.0170905,0.00256357
2026-07-10T14:53:33,64.3621,0.0171567,0.00257351
2026-07-10T14:53:38,35.8961,0.0172196,0.00258294
2026-07-10T14:53:44,30.4386,0.0172816,0.00259224
2026-07-10T14:53:49,22.6041,0.0173385,0.00260077
2026-07-10T14:53:54,26.0547,0.0173967,0.00260951
2026-07-10T14:54:00,44.2135,0.0174506,0.00261758
2026-07-10T14:54:05,47.1987,0.0175109,0.00262663
2026-07-10T14:54:10,42.6383,0.0175696,0.00263544
2026-07-10T14:54:16,48.337,0.017625,0.00264375
2026-07-10T14:54:21,55.4668,0.0176825,0.00265238
2026-07-10T14:54:26,79.7263,0.0177465,0.00266197
2026-07-10T14:54:31,42.1221,0.0178147,0.00267221
2026-07-10T14:54:36,18.313,0.0178785,0.00268178
2026-07-10T14:54:41,39.298,0.0179483,0.00269225
2026-07-10T14:54:46,19.9746,0.0180026,0.00270038
2026-07-10T14:54:51,47.6622,0.0180645,0.00270968
2026-07-10T14:54:56,43.9748,0.018119,0.00271785
2026-07-10T14:55:02,43.3556,0.0181803,0.00272705
2026-07-10T14:55:07,48.9036,0.0182447,0.00273671
2026-07-10T14:55:12,43.6003,0.0183126,0.00274688
2026-07-10T14:55:18,35.0056,0.0183733,0.00275599
2026-07-10T14:55:23,39.3142,0.0184277,0.00276416
2026-07-10T14:55:28,42.0824,0.0184976,0.00277464
2026-07-10T14:55:33,62.1628,0.0185619,0.00278428
2026-07-10T14:55:38,30.0559,0.0186261,0.00279391
2026-07-10T14:55:43,61.637,0.0186969,0.00280453
2026-07-10T14:55:48,60.5916,0.0187874,0.00281811
2026-07-10T14:55:53,40.8539,0.0188621,0.00282932
2026-07-10T14:55:59,43.0022,0.0189269,0.00283903
2026-07-10T14:56:04,47.6596,0.0189897,0.00284846
2026-07-10T14:56:09,40.6953,0.0190502,0.00285754
2026-07-10T14:56:14,40.5492,0.0191215,0.00286823
2026-07-10T14:56:19,52.5631,0.0191885,0.00287828
2026-07-10T14:56:24,39.5957,0.0192508,0.00288761
2026-07-10T14:56:29,37.5175,0.0193126,0.00289688
2026-07-10T14:56:34,43.5383,0.0193688,0.00290532
2026-07-10T14:56:39,34.4368,0.0194339,0.00291508
2026-07-10T14:56:44,38.7578,0.0194953,0.0029243
2026-07-10T14:56:49,34.3807,0.0195575,0.00293363
2026-07-10T14:56:54,43.2817,0.0196179,0.00294269
2026-07-10T14:56:59,46.0707,0.0196861,0.00295291
2026-07-10T14:57:04,43.1975,0.0197497,0.00296245
2026-07-10T14:57:09,42.0066,0.019812,0.0029718
2026-07-10T14:57:14,51.0803,0.0198777,0.00298165
2026-07-10T14:57:20,19.4487,0.0199401,0.00299101
2026-07-10T14:57:25,54.5677,0.0199941,0.00299912
2026-07-10T14:57:31,32.9131,0.0200478,0.00300717
2026-07-10T14:57:36,39.4333,0.0201122,0.00301683
2026-07-10T14:57:41,19.2698,0.0201638,0.00302457
2026-07-10T14:57:46,17.8056,0.0202207,0.00303311
2026-07-10T14:57:52,30.5703,0.0202661,0.00303992
2026-07-10T14:57:57,15.8854,0.0203136,0.00304704
2026-07-10T14:58:03,37.2095,0.0203597,0.00305395
2026-07-10T14:58:08,29.4749,0.0203963,0.00305944
2026-07-10T14:58:13,89.4575,0.020441,0.00306614
2026-07-10T14:58:19,61.1049,0.0205312,0.00307968
2026-07-10T14:58:24,29.8615,0.0205837,0.00308755
2026-07-10T14:58:29,39.5658,0.0206419,0.00309629
2026-07-10T14:58:34,76.1962,0.0207127,0.0031069
2026-07-10T14:58:39,70.3318,0.0207791,0.00311686
2026-07-10T14:58:45,42.1117,0.0208472,0.00312709
2026-07-10T14:58:50,36.3885,0.0209079,0.00313618
2026-07-10T14:58:55,31.8378,0.0209671,0.00314507
2026-07-10T14:59:01,37.5992,0.0210216,0.00315324
2026-07-10T14:59:06,33.6979,0.0210742,0.00316113
2026-07-10T14:59:11,32.6677,0.0211289,0.00316933
2026-07-10T14:59:17,51.1267,0.0211921,0.00317881
2026-07-10T14:59:22,30.8536,0.0212603,0.00318905
2026-07-10T14:59:28,34.7114,0.0213225,0.00319838
2026-07-10T14:59:33,47.0913,0.0213985,0.00320977
2026-07-10T14:59:38,45.0915,0.0214661,0.00321992
2026-07-10T14:59:43,32.1901,0.021538,0.0032307
2026-07-10T14:59:49,31.1429,0.0215838,0.00323758
2026-07-10T14:59:54,18.0389,0.0216406,0.00324608
2026-07-10T14:59:59,38.1862,0.0216978,0.00325466
2026-07-10T15:00:04,43.45,0.0217566,0.00326349
2026-07-10T15:00:10,46.8459,0.0218178,0.00327266
2026-07-10T15:00:15,78.316,0.0218917,0.00328375
2026-07-10T15:00:21,43.9916,0.0219502,0.00329253
2026-07-10T15:00:26,62.6593,0.0220173,0.00330259
2026-07-10T15:00:31,65.3406,0.022109,0.00331636
2026-07-10T15:00:36,49.2444,0.0221811,0.00332717
2026-07-10T15:00:41,59.8952,0.022251,0.00333765
2026-07-10T15:00:46,42.6194,0.0223155,0.00334732
2026-07-10T15:00:51,49.446,0.0223802,0.00335704
2026-07-10T15:00:56,56.197,0.0224483,0.00336724
2026-07-10T15:01:01,45.0242,0.0225112,0.00337668
2026-07-10T15:01:06,46.0566,0.022579,0.00338685
2026-07-10T15:01:11,46.5838,0.0226491,0.00339737
2026-07-10T15:01:16,35.5634,0.0227133,0.003407
2026-07-10T15:01:21,44.8342,0.0227755,0.00341632
2026-07-10T15:01:26,51.8679,0.02284,0.003426
2026-07-10T15:01:31,44.0931,0.0229018,0.00343527
2026-07-10T15:01:36,62.0599,0.0229656,0.00344485
2026-07-10T15:01:41,47.6673,0.0230403,0.00345605
2026-07-10T15:01:46,36.8698,0.023105,0.00346575
2026-07-10T15:01:51,44.5503,0.0231735,0.00347603
2026-07-10T15:01:56,50.0076,0.0232413,0.00348619
2026-07-10T15:02:01,34.7,0.0232968,0.00349453
2026-07-10T15:02:07,50.1729,0.0233478,0.00350218
2026-07-10T15:02:12,52.6765,0.0233991,0.00350986
2026-07-10T15:02:18,40.4466,0.0234618,0.00351928
2026-07-10T15:02:23,42.4952,0.0235213,0.0035282
2026-07-10T15:02:28,44.9709,0.0235823,0.00353734
2026-07-10T15:02:34,48.7695,0.023648,0.0035472
2026-07-10T15:02:39,62.2132,0.0237377,0.00356066
2026-07-10T15:02:44,41.4098,0.0238181,0.00357271
2026-07-10T15:02:49,42.3785,0.023882,0.00358231
2026-07-10T15:02:54,51.8682,0.0239463,0.00359194
2026-07-10T15:02:59,52.9604,0.0240053,0.00360079
2026-07-10T15:03:04,46.367,0.0240714,0.00361071
2026-07-10T15:03:09,46.6507,0.0241347,0.0036202
2026-07-10T15:03:14,48.4917,0.0242039,0.00363059
2026-07-10T15:03:19,44.7444,0.0242651,0.00363976
2026-07-10T15:03:24,40.7324,0.0243225,0.00364837
2026-07-10T15:03:29,55.3927,0.0243892,0.00365838
2026-07-10T15:03:34,56.7626,0.0244507,0.0036676
2026-07-10T15:03:39,49.0593,0.024516,0.0036774
2026-07-10T15:03:45,43.5139,0.0245882,0.00368823
2026-07-10T15:03:50,49.6,0.0246532,0.00369798
2026-07-10T15:03:55,54.525,0.024719,0.00370785
2026-07-10T15:04:00,54.781,0.0247895,0.00371842
2026-07-10T15:04:05,55.516,0.0248483,0.00372725
2026-07-10T15:04:10,38.3114,0.0249026,0.00373539
2026-07-10T15:04:16,31.21,0.024956,0.0037434
2026-07-10T15:04:21,35.598,0.025013,0.00375194
2026-07-10T15:04:26,29.7514,0.0250696,0.00376044
2026-07-10T15:04:32,35.7767,0.0251234,0.00376851
2026-07-10T15:04:37,44.2371,0.0251878,0.00377816
2026-07-10T15:04:43,31.4044,0.0252387,0.00378581
2026-07-10T15:04:48,47.0361,0.0252931,0.00379397
2026-07-10T15:04:53,28.7507,0.0253475,0.00380213
2026-07-10T15:04:59,20.0805,0.025397,0.00380954
2026-07-10T15:05:04,59.9308,0.0254542,0.00381813
2026-07-10T15:05:10,31.987,0.0255071,0.00382607
2026-07-10T15:05:15,46.6584,0.0255656,0.00383484
2026-07-10T15:05:20,52.0099,0.0256285,0.00384428
2026-07-10T15:05:26,36.6806,0.0256803,0.00385204
2026-07-10T15:05:31,47.048,0.0257372,0.00386058
2026-07-10T15:05:37,60.8769,0.025794,0.0038691
2026-07-10T15:05:42,52.9433,0.0258578,0.00387867
2026-07-10T15:05:47,43.7895,0.0259186,0.00388779
2026-07-10T15:05:52,37.6904,0.0259833,0.0038975
2026-07-10T15:05:58,42.3335,0.0260473,0.0039071
2026-07-10T15:06:03,25.1448,0.0260988,0.00391482
2026-07-10T15:06:09,26.0364,0.0261499,0.00392249
2026-07-10T15:06:14,42.9306,0.0262065,0.00393098
2026-07-10T15:06:19,39.1019,0.0262579,0.00393869
2026-07-10T15:06:25,20.1685,0.0263128,0.00394691
2026-07-10T15:06:30,35.1048,0.0263712,0.00395567
2026-07-10T15:06:36,38.8264,0.0264298,0.00396446
2026-07-10T15:06:41,42.2397,0.0264838,0.00397257
2026-07-10T15:06:47,40.0461,0.0265465,0.00398197
2026-07-10T15:06:52,45.2401,0.026606,0.0039909
2026-07-10T15:06:57,35.3917,0.026666,0.0039999
2026-07-10T15:07:03,45.1936,0.0267303,0.00400955
2026-07-10T15:07:08,29.415,0.0267895,0.00401842
2026-07-10T15:07:14,27.4539,0.0268478,0.00402717
2026-07-10T15:07:19,31.6078,0.0269086,0.0040363
2026-07-10T15:07:24,45.9137,0.0269617,0.00404426
2026-07-10T15:07:30,42.6903,0.0270149,0.00405223
2026-07-10T15:07:35,47.1409,0.0270627,0.0040594
2026-07-10T15:07:40,37.0795,0.0271106,0.00406659
2026-07-10T15:07:46,38.1845,0.0271689,0.00407534
2026-07-10T15:07:51,45.9851,0.0272281,0.00408421
2026-07-10T15:07:56,42.2366,0.0272884,0.00409326
2026-07-10T15:08:02,47.2155,0.0273405,0.00410108
2026-07-10T15:08:07,19.1626,0.0273945,0.00410918
2026-07-10T15:08:13,43.8553,0.0274426,0.00411638
2026-07-10T15:08:18,29.1959,0.0274987,0.00412481
2026-07-10T15:08:23,35.3908,0.0275664,0.00413497
2026-07-10T15:08:28,29.5136,0.0276194,0.00414291
2026-07-10T15:08:33,32.8557,0.0276723,0.00415084
2026-07-10T15:08:39,25.2927,0.0277267,0.00415901
2026-07-10T15:08:44,34.0495,0.02778,0.004167
2026-07-10T15:08:50,36.0913,0.0278441,0.00417661
2026-07-10T15:08:55,35.7168,0.027899,0.00418485
2026-07-10T15:09:00,28.0883,0.0279536,0.00419303
2026-07-10T15:09:06,41.1701,0.0280146,0.00420218
2026-07-10T15:09:11,36.0227,0.0280611,0.00420916
2026-07-10T15:09:17,39.0047,0.0281106,0.00421659
2026-07-10T15:09:22,27.4466,0.0281662,0.00422492
2026-07-10T15:09:27,45.0129,0.0282313,0.00423469
2026-07-10T15:09:33,43.1291,0.0282944,0.00424416
2026-07-10T15:09:38,40.9548,0.0283506,0.00425258
2026-07-10T15:09:44,36.5528,0.0284092,0.00426138
2026-07-10T15:09:49,51.8772,0.0284704,0.00427056
2026-07-10T15:09:54,41.3666,0.0285329,0.00427993
2026-07-10T15:10:00,22.7357,0.0285934,0.00428901
2026-07-10T15:10:05,37.7584,0.028662,0.0042993
2026-07-10T15:10:11,48.8307,0.0287292,0.00430937
2026-07-10T15:10:16,43.4701,0.0287951,0.00431926
2026-07-10T15:10:21,41.043,0.0288654,0.00432981
2026-07-10T15:10:27,51.6566,0.0289372,0.00434058
2026-07-10T15:10:32,60.4801,0.0290073,0.00435109
2026-07-10T15:10:37,57.9722,0.0290785,0.00436178
2026-07-10T15:10:43,46.455,0.0291499,0.00437248
2026-07-10T15:10:48,54.6073,0.0292155,0.00438233
2026-07-10T15:10:53,61.3725,0.0292811,0.00439216
2026-07-10T15:10:58,59.5069,0.0293719,0.00440578
2026-07-10T15:11:03,59.4653,0.0294523,0.00441784
2026-07-10T15:11:09,50.7462,0.0295227,0.00442841
2026-07-10T15:11:14,42.5215,0.0295896,0.00443844
2026-07-10T15:11:19,34.5471,0.0296506,0.00444759
2026-07-10T15:11:24,40.1037,0.0297149,0.00445723
2026-07-10T15:11:29,43.756,0.0297838,0.00446756
2026-07-10T15:11:34,38.319,0.0298533,0.00447799
2026-07-10T15:11:39,53.7066,0.0299214,0.0044882
2026-07-10T15:11:45,42.7321,0.029986,0.00449791
2026-07-10T15:11:50,40.1848,0.0300462,0.00450693
2026-07-10T15:11:55,45.3197,0.0301105,0.00451657
2026-07-10T15:12:00,40.1973,0.0301735,0.00452603
2026-07-10T15:12:05,57.4964,0.0302446,0.00453669
2026-07-10T15:12:10,43.0902,0.0303153,0.00454729
2026-07-10T15:12:16,40.7228,0.0303861,0.00455792
2026-07-10T15:12:21,52.0004,0.0304506,0.00456759
2026-07-10T15:12:26,57.371,0.0305105,0.00457658
2026-07-10T15:12:31,33.0495,0.0305618,0.00458428
2026-07-10T15:12:37,19.1162,0.0306141,0.00459212
2026-07-10T15:12:42,46.1268,0.0306637,0.00459956
2026-07-10T15:12:48,44.9846,0.030722,0.0046083
2026-07-10T15:12:53,49.3216,0.0307808,0.00461711
2026-07-10T15:12:58,37.4671,0.0308359,0.00462538
2026-07-10T15:13:04,19.0868,0.0308914,0.0046337
2026-07-10T15:13:09,42.3549,0.0309432,0.00464149
2026-07-10T15:13:15,33.2212,0.0309963,0.00464944
2026-07-10T15:13:20,40.1274,0.0310538,0.00465808
2026-07-10T15:13:25,35.2123,0.0311156,0.00466734
2026-07-10T15:13:31,33.0347,0.0311714,0.00467571
2026-07-10T15:13:36,34.2761,0.0312398,0.00468597
2026-07-10T15:13:42,33.8988,0.0313003,0.00469505
2026-07-10T15:13:47,41.8351,0.0313528,0.00470292
2026-07-10T15:13:52,31.0027,0.0314051,0.00471077
2026-07-10T15:13:58,30.1815,0.0314566,0.0047185
2026-07-10T15:14:03,37.2786,0.0315171,0.00472757
2026-07-10T15:14:09,41.9226,0.0315666,0.00473498
2026-07-10T15:14:14,42.9441,0.0316162,0.00474243
2026-07-10T15:14:19,36.7428,0.0316722,0.00475084
2026-07-10T15:14:25,18.6948,0.031721,0.00475815
2026-07-10T15:14:30,36.9846,0.0317757,0.00476636
2026-07-10T15:14:36,36.9462,0.0318327,0.0047749
2026-07-10T15:14:41,30.9108,0.031883,0.00478245
2026-07-10T15:14:46,23.885,0.0319414,0.0047912
2026-07-10T15:14:52,36.5853,0.0319915,0.00479873
2026-07-10T15:14:57,61.9816,0.0320511,0.00480766
2026-07-10T15:15:03,56.8472,0.0321266,0.00481899
2026-07-10T15:15:08,45.4895,0.0321953,0.0048293
2026-07-10T15:15:13,36.6019,0.0322502,0.00483752
2026-07-10T15:15:19,43.1885,0.0323077,0.00484616
2026-07-10T15:15:24,38.3409,0.032374,0.0048561
2026-07-10T15:15:29,45.4095,0.0324398,0.00486597
2026-07-10T15:15:34,41.3325,0.0325041,0.00487561
2026-07-10T15:15:39,44.6114,0.0325672,0.00488509
2026-07-10T15:15:44,32.2678,0.032632,0.0048948
2026-07-10T15:15:50,40.6596,0.0326876,0.00490313
2026-07-10T15:15:55,28.7124,0.0327457,0.00491186
2026-07-10T15:16:00,31.0308,0.032797,0.00491955
2026-07-10T15:16:06,43.1055,0.0328552,0.00492828
2026-07-10T15:16:11,26.1411,0.0329137,0.00493705
2026-07-10T15:16:17,42.3472,0.0329777,0.00494666
2026-07-10T15:16:22,54.5814,0.0330383,0.00495575
2026-07-10T15:16:27,34.1125,0.0330893,0.00496339
2026-07-10T15:16:33,43.1148,0.0331468,0.00497202
2026-07-10T15:16:38,66.3433,0.0332122,0.00498183
2026-07-10T15:16:44,60.2712,0.0332798,0.00499196
2026-07-10T15:16:49,27.8023,0.0333424,0.00500136
2026-07-10T15:16:55,25.7657,0.0333939,0.00500908
2026-07-10T15:17:00,44.4456,0.0334599,0.00501898
2026-07-10T15:17:05,43.8972,0.0335205,0.00502807
2026-07-10T15:17:11,40.6062,0.033573,0.00503595
2026-07-10T15:17:16,53.4785,0.0336422,0.00504633
2026-07-10T15:17:22,43.4041,0.0337026,0.00505538
2026-07-10T15:17:27,35.0408,0.0337606,0.00506409
2026-07-10T15:17:32,46.496,0.0338244,0.00507366
2026-07-10T15:17:38,68.1735,0.0338909,0.00508364
2026-07-10T15:17:43,52.2028,0.0339493,0.0050924
2026-07-10T15:17:48,44.0137,0.0340077,0.00510115
2026-07-10T15:17:54,39.1785,0.0340602,0.00510903
2026-07-10T15:17:59,37.5606,0.0341168,0.00511751
2026-07-10T15:18:04,38.8629,0.0341795,0.00512692
2026-07-10T15:18:10,55.1668,0.0342418,0.00513628
2026-07-10T15:18:15,32.7885,0.0343007,0.0051451
2026-07-10T15:18:21,35.3122,0.0343624,0.00515436
2026-07-10T15:18:26,50.9646,0.0344168,0.00516252
2026-07-10T15:18:31,30.9091,0.0344754,0.0051713
2026-07-10T15:18:37,35.9109,0.0345322,0.00517983
2026-07-10T15:18:42,30.0819,0.0345807,0.0051871
2026-07-10T15:18:48,40.9334,0.0346342,0.00519512
2026-07-10T15:18:53,37.1732,0.034689,0.00520335
2026-07-10T15:18:58,32.0265,0.0347457,0.00521185
2026-07-10T15:19:04,32.9319,0.0347995,0.00521993
2026-07-10T15:19:09,37.2919,0.0348504,0.00522755
2026-07-10T15:19:14,43.2546,0.0349081,0.00523622
2026-07-10T15:19:20,18.897,0.0349584,0.00524376
2026-07-10T15:19:25,35.1301,0.0350078,0.00525117
2026-07-10T15:19:31,43.9154,0.0350667,0.00526001
2026-07-10T15:19:36,20.9697,0.0351138,0.00526707
2026-07-10T15:19:41,25.5118,0.0351645,0.00527467
2026-07-10T15:19:47,35.0745,0.0352212,0.00528318
2026-07-10T15:19:52,21.2244,0.0352764,0.00529145
2026-07-10T15:19:58,36.3262,0.035332,0.00529981
2026-07-10T15:20:03,45.4971,0.0353858,0.00530787
2026-07-10T15:20:08,38.0556,0.03545,0.0053175
2026-07-10T15:20:14,40.5091,0.0355094,0.00532641
2026-07-10T15:20:19,38.0759,0.0355788,0.00533681
2026-07-10T15:20:25,44.5125,0.0356354,0.00534532
2026-07-10T15:20:30,76.5797,0.0356964,0.00535445
2026-07-10T15:20:35,35.1416,0.0357601,0.00536402
2026-07-10T15:20:41,17.9434,0.0358153,0.00537229
2026-07-10T15:20:46,36.9477,0.0358721,0.00538081
2026-07-10T15:20:52,32.7155,0.035926,0.00538891
2026-07-10T15:20:57,38.8837,0.0359805,0.00539707
2026-07-10T15:21:02,46.7855,0.0360327,0.0054049
2026-07-10T15:21:08,34.0422,0.0360877,0.00541315
2026-07-10T15:21:13,41.934,0.0361454,0.00542181
2026-07-10T15:21:19,40.1641,0.036201,0.00543016
2026-07-10T15:21:24,38.9641,0.0362521,0.00543782
2026-07-10T15:21:29,32.0271,0.0363093,0.00544639
2026-07-10T15:21:35,36.0081,0.0363598,0.00545396
2026-07-10T15:21:40,43.9662,0.0364204,0.00546306
2026-07-10T15:21:45,46.0046,0.0364806,0.00547209
2026-07-10T15:21:51,37.9897,0.036536,0.00548041
2026-07-10T15:21:56,37.8486,0.0365974,0.00548962
2026-07-10T15:22:02,30.9532,0.0366615,0.00549923
2026-07-10T15:22:07,19.4046,0.0367275,0.00550913
2026-07-10T15:22:12,32.0716,0.0367936,0.00551904
2026-07-10T15:22:18,45.9937,0.0368454,0.00552681
2026-07-10T15:22:23,37.7793,0.0369019,0.00553528
2026-07-10T15:22:29,48.0808,0.0369674,0.00554511
2026-07-10T15:22:34,36.1885,0.0370454,0.0055568
2026-07-10T15:22:39,46.5729,0.0371069,0.00556603
2026-07-10T15:22:45,39.6282,0.0371731,0.00557597
2026-07-10T15:22:50,55.7561,0.0372472,0.00558708
2026-07-10T15:22:56,49.2436,0.0373192,0.00559787
2026-07-10T15:23:01,43.4017,0.0373895,0.00560843
2026-07-10T15:23:06,39.0036,0.0374472,0.00561708
2026-07-10T15:23:12,37.1042,0.0375063,0.00562594
2026-07-10T15:23:17,29.9092,0.0375674,0.00563511
2026-07-10T15:23:23,54.2108,0.03763,0.0056445
2026-07-10T15:23:28,41.8135,0.0376864,0.00565296
2026-07-10T15:23:34,37.4762,0.0377421,0.00566131
2026-07-10T15:23:39,38.1548,0.0378112,0.00567167
2026-07-10T15:23:44,31.7227,0.0378673,0.0056801
2026-07-10T15:23:50,33.0907,0.0379244,0.00568867
2026-07-10T15:23:55,47.923,0.0379781,0.00569671
2026-07-10T15:24:01,50.7505,0.0380302,0.00570453
2026-07-10T15:24:06,24.5119,0.038085,0.00571275
2026-07-10T15:24:11,45.7209,0.0381458,0.00572187
2026-07-10T15:24:17,31.0605,0.0381949,0.00572923
2026-07-10T15:24:22,35.0801,0.0382513,0.0057377
2026-07-10T15:24:28,41.2605,0.0383084,0.00574626
2026-07-10T15:24:33,36.6035,0.0383671,0.00575507
2026-07-10T15:24:38,32.9533,0.0384247,0.00576371
2026-07-10T15:24:44,36.076,0.038484,0.00577259
2026-07-10T15:24:49,48.7792,0.0385496,0.00578245
2026-07-10T15:24:55,48.79,0.0386135,0.00579203
2026-07-10T15:25:00,55.2525,0.0386792,0.00580188
2026-07-10T15:25:05,58.5351,0.0387547,0.00581321
2026-07-10T15:25:06,43.2185,6.6483e-05,9.97245e-06
2026-07-10T15:25:10,52.6805,0.0388309,0.00582464
2026-07-10T15:25:15,44.9224,0.0388943,0.00583415
2026-07-10T15:25:21,49.4883,0.0389547,0.00584321
2026-07-10T15:25:26,34.548,0.0390098,0.00585146
2026-07-10T15:25:32,45.2144,0.0390807,0.0058621
2026-07-10T15:25:37,48.004,0.0391428,0.00587142
2026-07-10T15:25:42,36.5909,0.0392068,0.00588102
2026-07-10T15:25:48,41.2128,0.0392595,0.00588892
2026-07-10T15:25:53,71.001,0.0393201,0.00589802
2026-07-10T15:25:59,36.3575,0.0393781,0.00590671
2026-07-10T15:26:04,42.9675,0.039444,0.00591659
2026-07-10T15:26:09,35.4382,0.0394979,0.00592469
2026-07-10T15:26:14,41.0989,0.0395522,0.00593283
2026-07-10T15:26:20,27.8383,0.0396168,0.00594251
2026-07-10T15:26:25,42.4835,0.039666,0.00594989
2026-07-10T15:26:30,38.2709,0.0397207,0.0059581
2026-07-10T15:26:35,33.0746,0.0397848,0.00596772
2026-07-10T15:26:41,25.8333,0.0398418,0.00597627
2026-07-10T15:26:46,37.4759,0.0398998,0.00598496
2026-07-10T15:26:52,28.5358,0.0399586,0.00599378
2026-07-10T15:26:57,28.3607,0.0400157,0.00600235
2026-07-10T15:27:02,54.7345,0.040077,0.00601154
2026-07-10T15:27:08,26.2244,0.0401338,0.00602007
2026-07-10T15:27:13,41.7645,0.0401852,0.00602779
2026-07-10T15:27:19,30.8872,0.0402389,0.00603584
2026-07-10T15:27:24,26.9271,0.0402899,0.00604348
2026-07-10T15:27:29,35.4642,0.0403441,0.00605162
2026-07-10T15:27:35,39.9762,0.0404018,0.00606027
2026-07-10T15:27:40,35.5065,0.0404628,0.00606942
2026-07-10T15:27:46,42.549,0.0405185,0.00607778
2026-07-10T15:27:51,29.3211,0.0405756,0.00608633
2026-07-10T15:27:56,44.1801,0.0406279,0.00609419
2026-07-10T15:28:02,42.6546,0.0406808,0.00610211
2026-07-10T15:28:07,45.3078,0.0407426,0.00611139
2026-07-10T15:28:13,25.571,0.0407875,0.00611813
2026-07-10T15:28:18,40.5768,0.0408426,0.00612638
2026-07-10T15:28:23,42.9762,0.0408982,0.00613473
2026-07-10T15:28:29,47.8429,0.0409493,0.00614239
2026-07-10T15:28:34,32.0416,0.0410084,0.00615127
2026-07-10T15:28:40,25.4875,0.0410599,0.00615898
2026-07-10T15:28:45,37.4308,0.0411183,0.00616774
2026-07-10T15:28:50,44.0545,0.0411809,0.00617713
2026-07-10T15:28:55,44.2537,0.0412441,0.00618661
2026-07-10T15:29:00,61.1753,0.0413162,0.00619743
2026-07-10T15:29:06,45.5173,0.0413811,0.00620717
2026-07-10T15:29:11,40.8354,0.0414369,0.00621554
2026-07-10T15:29:17,51.8233,0.0415029,0.00622543
2026-07-10T15:29:22,57.5061,0.041563,0.00623445
2026-07-10T15:29:27,57.2645,0.0416218,0.00624327
2026-07-10T15:29:33,22.7497,0.041684,0.0062526
2026-07-10T15:29:38,32.0993,0.0417473,0.0062621
2026-07-10T15:29:44,19.1556,0.0417977,0.00626965
2026-07-10T15:29:49,36.6491,0.0418506,0.00627759
2026-07-10T15:29:54,18.3149,0.0419015,0.00628522
2026-07-10T15:30:00,29.7456,0.0419472,0.00629208
2026-07-10T15:30:05,30.4278,0.041999,0.00629984
2026-07-10T15:30:11,55.6963,0.0420533,0.00630799
2026-07-10T15:30:16,44.9639,0.0421107,0.00631661
2026-07-10T15:30:21,52.6534,0.0421643,0.00632464
2026-07-10T15:30:27,39.1345,0.042206,0.00633089
2026-07-10T15:30:32,31.5422,0.042268,0.0063402
2026-07-10T15:30:38,57.7957,0.0423223,0.00634835
2026-07-10T15:30:43,29.6028,0.0423744,0.00635616
2026-07-10T15:30:48,46.7962,0.042426,0.0063639
2026-07-10T15:30:54,37.8693,0.0424909,0.00637363
2026-07-10T15:30:59,32.6999,0.0425416,0.00638124
2026-07-10T15:31:05,17.5156,0.0425927,0.00638891
2026-07-10T15:31:10,36.8554,0.0426478,0.00639717
2026-07-10T15:31:15,47.6694,0.0427035,0.00640553
2026-07-10T15:31:21,33.648,0.0427559,0.00641339
2026-07-10T15:31:26,35.7052,0.0428195,0.00642292
2026-07-10T15:31:32,40.542,0.0428754,0.00643131
2026-07-10T15:31:37,26.3432,0.0429213,0.00643819
2026-07-10T15:31:42,18.5474,0.0429682,0.00644522
2026-07-10T15:31:48,42.5082,0.0430284,0.00645427
2026-07-10T15:31:53,36.3249,0.0430802,0.00646203
2026-07-10T15:31:59,25.6933,0.0431311,0.00646966
2026-07-10T15:32:04,35.8826,0.0431825,0.00647737
2026-07-10T15:32:09,32.586,0.0432376,0.00648564
2026-07-10T15:32:15,43.2925,0.043285,0.00649275
2026-07-10T15:32:20,40.9538,0.043344,0.0065016
2026-07-10T15:32:26,55.557,0.043404,0.0065106
2026-07-10T15:32:31,49.1401,0.0434663,0.00651995
2026-07-10T15:32:36,31.8762,0.0435301,0.00652951
2026-07-10T15:32:42,52.902,0.043583,0.00653745
2026-07-10T15:32:47,56.0046,0.0436498,0.00654747
2026-07-10T15:32:52,36.184,0.0437133,0.006557
2026-07-10T15:32:57,49.8869,0.043779,0.00656685
2026-07-10T15:33:02,43.3453,0.0438358,0.00657536
2026-07-10T15:33:07,45.3063,0.0438929,0.00658393
2026-07-10T15:33:12,44.0661,0.043951,0.00659265
2026-07-10T15:33:17,48.056,0.0440158,0.00660237
2026-07-10T15:33:31,19.4499,6.18306e-05,9.27459e-06
2026-07-10T15:33:36,37.2102,0.000124536,1.86803e-05
2026-07-10T15:33:41,43.7484,0.000182514,2.73771e-05
2026-07-10T15:33:46,45.8703,0.000243393,3.65089e-05
2026-07-10T15:33:51,52.7531,0.000300131,4.50196e-05
2026-07-10T15:33:56,47.7767,0.000362624,5.43935e-05
2026-07-10T15:34:01,49.6614,0.000423434,6.35151e-05
2026-07-10T15:34:06,41.0223,0.000481248,7.21872e-05
2026-07-10T15:34:12,47.7648,0.000549116,8.23673e-05
2026-07-10T15:34:17,46.9881,0.000608799,9.13198e-05
2026-07-10T15:34:22,65.3632,0.000687099,0.000103065
2026-07-10T15:34:27,64.5454,0.000777788,0.000116668
2026-07-10T15:34:32,46.1254,0.000847968,0.000127195
2026-07-10T15:34:37,52.2855,0.000913885,0.000137083
2026-07-10T15:34:42,48.397,0.000979818,0.000146973
2026-07-10T15:34:47,53.9539,0.00104649,0.000156974
2026-07-10T15:34:52,46.4642,0.00111388,0.000167082
2026-07-10T15:34:57,46.4631,0.00117917,0.000176876
2026-07-10T15:35:02,48.7848,0.00124349,0.000186524
2026-07-10T15:35:07,38.1124,0.00130803,0.000196204
2026-07-10T15:35:12,47.1361,0.00137349,0.000206024
2026-07-10T15:35:17,43.5955,0.00144057,0.000216086
2026-07-10T15:35:22,62.517,0.00150717,0.000226075
2026-07-10T15:35:27,44.3405,0.00157165,0.000235748
2026-07-10T15:35:32,39.56,0.00163669,0.000245503
2026-07-10T15:35:37,44.1602,0.00170237,0.000255355
2026-07-10T15:35:42,44.4898,0.00176874,0.000265311
2026-07-10T15:35:48,43.0099,0.00183469,0.000275204
2026-07-10T15:35:53,51.227,0.00190033,0.000285049
2026-07-10T15:35:58,54.7039,0.00196459,0.000294689
2026-07-10T15:36:03,42.8185,0.00202668,0.000304002
2026-07-10T15:36:08,43.8658,0.00209164,0.000313746
2026-07-10T15:36:13,46.644,0.00215836,0.000323753
2026-07-10T15:36:18,45.7613,0.00222788,0.000334183
2026-07-10T15:36:23,53.092,0.00229705,0.000344558
2026-07-10T15:36:28,48.5765,0.00236917,0.000355376
2026-07-10T15:36:33,49.0637,0.00243685,0.000365528
2026-07-10T15:36:38,36.1565,0.00248902,0.000373353
2026-07-10T15:36:43,29.8414,0.00253729,0.000380593
2026-07-10T15:36:48,16.8967,0.00257864,0.000386796
2026-07-10T15:36:53,32.4191,0.00262215,0.000393322
2026-07-10T15:36:59,74.6192,0.00270573,0.000405859
2026-07-10T15:37:04,32.221,0.00277256,0.000415884
2026-07-10T15:37:09,32.2953,0.00282497,0.000423746
2026-07-10T15:37:14,43.6039,0.0028841,0.000432615
2026-07-10T15:37:19,31.1096,0.00294063,0.000441094
2026-07-10T15:37:24,45.8768,0.00299369,0.000449054
2026-07-10T15:37:29,39.8359,0.00304933,0.0004574
2026-07-10T15:37:34,46.2525,0.0031094,0.00046641
2026-07-10T15:37:39,44.7395,0.00316733,0.0004751
2026-07-10T15:37:44,31.2871,0.00321779,0.000482668
2026-07-10T15:37:49,36.8989,0.00327214,0.000490821
2026-07-10T15:37:54,56.0911,0.00332534,0.000498801
2026-07-10T15:37:59,28.1731,0.00338291,0.000507436
2026-07-10T15:38:04,37.9268,0.00344339,0.000516508
2026-07-10T15:38:09,45.2882,0.00350058,0.000525087
2026-07-10T15:38:14,33.4683,0.00355781,0.000533671
2026-07-10T15:38:19,38.3419,0.003615,0.000542249
2026-07-10T15:38:24,23.4187,0.00365497,0.000548245
2026-07-10T15:38:29,28.0331,0.00369102,0.000553653
2026-07-10T15:38:34,36.5781,0.00373436,0.000560154
2026-07-10T15:38:39,17.2681,0.00377062,0.000565594
2026-07-10T15:38:45,35.4691,0.00381261,0.000571891
2026-07-10T15:38:50,56.356,0.00385708,0.000578562
2026-07-10T15:38:55,18.3866,0.00390465,0.000585697
2026-07-10T15:39:00,47.3263,0.00394717,0.000592075
2026-07-10T15:39:05,30.9122,0.00398811,0.000598216
2026-07-10T15:39:10,33.4917,0.00402871,0.000604307
2026-07-10T15:39:15,30.2114,0.00406511,0.000609766
2026-07-10T15:39:20,13.4745,0.00411363,0.000617044
2026-07-10T15:39:25,26.4783,0.00415495,0.000623242
2026-07-10T15:39:30,33.4233,0.00419927,0.000629891
2026-07-10T15:39:35,21.4881,0.00424078,0.000636117
2026-07-10T15:39:40,23.6965,0.00427757,0.000641635
2026-07-10T15:39:45,39.8481,0.00431985,0.000647978
2026-07-10T15:39:51,42.3731,0.00436361,0.000654541
2026-07-10T15:39:56,30.1542,0.00439858,0.000659788
2026-07-10T15:40:01,37.7022,0.00444305,0.000666457
2026-07-10T15:40:06,38.1441,0.00447846,0.000671769
2026-07-10T15:40:11,40.8029,0.00451952,0.000677928
2026-07-10T15:40:16,50.6741,0.00456097,0.000684145
2026-07-10T15:40:21,41.0897,0.00460606,0.000690909
2026-07-10T15:40:26,22.174,0.00464986,0.000697479
2026-07-10T15:40:31,33.162,0.00469136,0.000703704
2026-07-10T15:40:36,37.9618,0.00474475,0.000711712
2026-07-10T15:40:41,33.4783,0.00478449,0.000717673
2026-07-10T15:40:46,32.8622,0.00483889,0.000725833
2026-07-10T15:40:52,32.205,0.00488992,0.000733489
2026-07-10T15:40:57,15.316,0.00493049,0.000739574
2026-07-10T15:41:02,39.251,0.0049639,0.000744584
2026-07-10T15:41:07,21.11,0.00501622,0.000752434
2026-07-10T15:41:12,64.1625,0.00506304,0.000759456
2026-07-10T15:41:17,36.0493,0.00511203,0.000766804
2026-07-10T15:41:22,27.5469,0.00515674,0.000773511
2026-07-10T15:41:27,30.4398,0.00519296,0.000778944
2026-07-10T15:41:32,15.2442,0.00523281,0.000784921
2026-07-10T15:41:37,16.238,0.00527247,0.000790871
2026-07-10T15:41:42,37.9383,0.00530865,0.000796298
2026-07-10T15:41:47,32.0264,0.0053556,0.00080334
2026-07-10T15:41:52,29.6026,0.00539837,0.000809756
2026-07-10T15:41:57,19.2469,0.00544073,0.000816109
2026-07-10T15:42:02,14.457,0.00547903,0.000821855
2026-07-10T15:42:07,14.218,0.00551486,0.000827229
2026-07-10T15:42:12,23.12,0.00554719,0.000832078
2026-07-10T15:42:18,34.337,0.00558039,0.000837059
2026-07-10T15:42:23,16.4072,0.00561778,0.000842667
2026-07-10T15:42:28,32.5433,0.00566544,0.000849816
2026-07-10T15:42:33,24.7293,0.00571135,0.000856703
2026-07-10T15:42:38,27.8753,0.00575162,0.000862742
2026-07-10T15:42:43,14.316,0.00579907,0.00086986
2026-07-10T15:42:48,14.4766,0.00584957,0.000877435
2026-07-10T15:42:53,16.6473,0.00589274,0.000883911
2026-07-10T15:42:58,43.1763,0.00593504,0.000890257
2026-07-10T15:43:03,16.5286,0.00597538,0.000896307
2026-07-10T15:43:08,15.2251,0.00601812,0.000902718
2026-07-10T15:43:13,35.9745,0.00605559,0.000908338
2026-07-10T15:43:18,31.265,0.00609346,0.000914019
2026-07-10T15:43:23,38.2988,0.00612899,0.000919348
2026-07-10T15:43:28,15.0033,0.00616188,0.000924282
2026-07-10T15:43:33,36.2231,0.00620333,0.000930499
2026-07-10T15:43:39,18.286,0.00623852,0.000935778
2026-07-10T15:43:44,13.5805,0.0062734,0.00094101
2026-07-10T15:43:49,14.0991,0.0063057,0.000945855
2026-07-10T15:43:54,29.776,0.00633985,0.000950978
2026-07-10T15:43:59,19.1633,0.00637073,0.000955609
2026-07-10T15:44:04,16.2087,0.00640385,0.000960577
2026-07-10T15:44:09,32.267,0.00643577,0.000965366
2026-07-10T15:44:14,13.2471,0.00646877,0.000970316
2026-07-10T15:44:19,28.3631,0.00650564,0.000975847
2026-07-10T15:44:24,32.5613,0.0065382,0.00098073
2026-07-10T15:44:29,44.4455,0.00657801,0.000986701
2026-07-10T15:44:34,17.6333,0.00662463,0.000993694
2026-07-10T15:44:39,39.6775,0.00666259,0.000999388
2026-07-10T15:44:44,14.3031,0.00670287,0.00100543
2026-07-10T15:44:49,40.704,0.00674575,0.00101186
2026-07-10T15:44:54,39.7169,0.00678552,0.00101783
2026-07-10T15:44:59,39.0397,0.00682434,0.00102365
2026-07-10T15:45:05,33.1857,0.00686467,0.0010297
2026-07-10T15:45:10,28.315,0.00690283,0.00103542
2026-07-10T15:45:15,27.1323,0.00694237,0.00104136
2026-07-10T15:45:20,16.8987,0.00697964,0.00104695
2026-07-10T15:45:25,34.6644,0.00702406,0.00105361
2026-07-10T15:45:30,24.2944,0.00706225,0.00105934
2026-07-10T15:45:35,41.7083,0.00710775,0.00106616
2026-07-10T15:45:40,32.7995,0.00714492,0.00107174
2026-07-10T15:45:45,17.5671,0.00718131,0.0010772
2026-07-10T15:45:50,34.9497,0.00721864,0.0010828
2026-07-10T15:45:55,30.7238,0.00725732,0.0010886
2026-07-10T15:46:00,35.6342,0.00729492,0.00109424
2026-07-10T15:46:05,26.192,0.00733204,0.00109981
2026-07-10T15:46:10,25.5508,0.00737399,0.0011061
2026-07-10T15:46:21,37.0311,4.09398e-05,6.14098e-06
2026-07-10T15:46:26,15.4443,7.90578e-05,1.18587e-05
2026-07-10T15:46:31,45.4268,0.00011859,1.77886e-05
2026-07-10T15:46:36,36.5818,0.000161771,2.42657e-05
2026-07-10T15:46:41,35.0283,0.000198829,2.98243e-05
2026-07-10T15:46:46,17.7243,0.000234655,3.51983e-05
2026-07-10T15:46:51,33.7494,0.000268502,4.02753e-05
2026-07-10T15:46:56,30.0493,0.000307874,4.61811e-05
2026-07-10T15:47:01,29.5623,0.000342189,5.13284e-05
2026-07-10T15:47:06,37.7233,0.000380255,5.70383e-05
2026-07-10T15:47:11,37.7043,0.000420476,6.30714e-05
2026-07-10T15:47:16,29.8629,0.000461865,6.92798e-05
2026-07-10T15:47:21,33.811,0.000501684,7.52526e-05
2026-07-10T15:47:26,56.9429,0.000554824,8.32236e-05
2026-07-10T15:47:31,74.3212,0.000612669,9.19003e-05
2026-07-10T15:47:36,58.5069,0.000718023,0.000107703
2026-07-10T15:47:41,37.5257,0.000774085,0.000116113
2026-07-10T15:47:46,39.6116,0.000827625,0.000124144
2026-07-10T15:47:51,31.8989,0.00087992,0.000131988
2026-07-10T15:47:56,35.5959,0.000933533,0.00014003
2026-07-10T15:48:01,39.9412,0.000986508,0.000147976
2026-07-10T15:48:07,34.3936,0.00104003,0.000156004
2026-07-10T15:48:12,31.0583,0.00109257,0.000163885
2026-07-10T15:48:17,35.4959,0.00114638,0.000171956
2026-07-10T15:48:22,34.5361,0.00120498,0.000180747
2026-07-10T15:48:27,37.043,0.00126341,0.000189512
2026-07-10T15:48:32,42.7986,0.00132452,0.000198679
2026-07-10T15:48:37,38.2069,0.00138718,0.000208077
2026-07-10T15:48:42,35.5255,0.00144522,0.000216783
2026-07-10T15:48:47,37.2121,0.00150077,0.000225116
2026-07-10T15:48:52,27.6651,0.00155451,0.000233176
2026-07-10T15:48:57,15.1658,0.00159754,0.00023963
2026-07-10T15:49:02,35.5974,0.00164108,0.000246162
2026-07-10T15:49:08,36.5618,0.00169303,0.000253955
2026-07-10T15:49:13,37.2628,0.00173791,0.000260686
2026-07-10T15:49:18,17.1002,0.0017774,0.00026661
2026-07-10T15:49:23,14.9926,0.00181869,0.000272803
2026-07-10T15:49:28,45.1667,0.00186279,0.000279419
2026-07-10T15:49:33,49.552,0.00191535,0.000287302
2026-07-10T15:49:38,16.1892,0.00195536,0.000293304
2026-07-10T15:49:43,26.9496,0.00199476,0.000299214
2026-07-10T15:49:48,17.3044,0.002035,0.00030525
2026-07-10T15:49:53,34.6636,0.00208323,0.000312485
2026-07-10T15:49:58,27.2568,0.00212808,0.000319211
2026-07-10T15:50:03,21.8516,0.00216795,0.000325193
2026-07-10T15:50:08,31.3934,0.00221381,0.000332072
2026-07-10T15:50:13,45.8482,0.002254,0.000338099
2026-07-10T15:50:18,29.8663,0.00229858,0.000344786
2026-07-10T15:50:24,28.3523,0.00234618,0.000351927
2026-07-10T15:50:29,32.9416,0.00239221,0.000358831
2026-07-10T15:50:34,54.593,0.00243756,0.000365635
2026-07-10T15:50:39,26.2471,0.00248252,0.000372378
2026-07-10T15:50:44,35.8957,0.00252477,0.000378716
2026-07-10T15:50:49,47.0313,0.00257294,0.000385941
2026-07-10T15:50:54,43.0089,0.00262213,0.000393319
2026-07-10T15:50:59,26.5578,0.00266802,0.000400203
2026-07-10T15:51:04,38.191,0.00271338,0.000407006
2026-07-10T15:51:09,23.5493,0.00275482,0.000413223
2026-07-10T15:51:14,36.5358,0.00279562,0.000419343
2026-07-10T15:51:19,33.4651,0.00284148,0.000426222
2026-07-10T15:51:24,26.2151,0.00289812,0.000434718
2026-07-10T15:51:29,44.5163,0.00295767,0.000443651
2026-07-10T15:51:35,46.0925,0.00302286,0.000453429
2026-07-10T15:51:40,27.1724,0.00307841,0.000461761
2026-07-10T15:51:45,32.7516,0.00313629,0.000470443
2026-07-10T15:51:50,34.7997,0.00317996,0.000476994
2026-07-10T15:51:55,46.1983,0.00322491,0.000483736
2026-07-10T15:52:00,47.628,0.00328369,0.000492554
2026-07-10T15:52:05,29.7123,0.00334722,0.000502083
2026-07-10T15:52:10,48.6504,0.00339951,0.000509926
2026-07-10T15:52:15,50.2743,0.00345975,0.000518962
2026-07-10T15:52:20,52.8697,0.00351426,0.000527139
2026-07-10T15:52:25,37.3541,0.00357379,0.000536068
2026-07-10T15:52:30,47.5795,0.0036344,0.00054516
2026-07-10T15:52:35,38.9628,0.00369132,0.000553698
2026-07-10T15:52:40,17.6772,0.00374631,0.000561947
2026-07-10T15:52:45,13.8322,0.00379267,0.000568901
2026-07-10T15:52:50,22.9956,0.0038338,0.00057507
2026-07-10T15:52:55,13.0749,0.00387625,0.000581438
2026-07-10T15:53:00,33.2431,0.00391577,0.000587366
2026-07-10T15:53:06,52.6805,0.00396584,0.000594876
2026-07-10T15:53:11,35.9488,0.00401399,0.000602098
2026-07-10T15:53:16,31.5491,0.00406115,0.000609173
2026-07-10T15:53:21,34.5984,0.00410648,0.000615972
2026-07-10T15:53:26,23.1393,0.00414569,0.000621854
2026-07-10T15:53:31,38.889,0.00419008,0.000628512
2026-07-10T15:53:36,40.6517,0.0042377,0.000635655
2026-07-10T15:53:41,28.6126,0.00428292,0.000642438
2026-07-10T15:53:46,16.6896,0.00432528,0.000648792
2026-07-10T15:53:51,29.8974,0.00437304,0.000655957
2026-07-10T15:53:57,35.4388,0.00442653,0.00066398
2026-07-10T15:54:02,40.3627,0.00447331,0.000670996
2026-07-10T15:54:07,29.634,0.00452237,0.000678356
2026-07-10T15:54:12,66.8695,0.00457809,0.000686713
2026-07-10T15:54:17,76.2791,0.0046358,0.00069537
2026-07-10T15:54:22,18.164,0.00467994,0.00070199
2026-07-10T15:54:27,49.4666,0.00472619,0.000708928
2026-07-10T15:54:32,35.5042,0.00477026,0.000715539
2026-07-10T15:54:37,35.5162,0.0048113,0.000721695
2026-07-10T15:54:42,34.2786,0.00486059,0.000729088
2026-07-10T15:54:47,34.528,0.00490855,0.000736282
2026-07-10T15:54:52,25.0258,0.00495651,0.000743477
2026-07-10T15:54:57,34.4133,0.00500406,0.000750608
2026-07-10T15:55:02,31.8528,0.00505269,0.000757904
2026-07-10T15:55:07,19.2421,0.00509902,0.000764853
2026-07-10T15:55:12,28.5638,0.00513924,0.000770886
2026-07-10T15:55:17,42.1019,0.00518172,0.000777259
2026-07-10T15:55:23,33.3693,0.0052218,0.00078327
2026-07-10T15:55:28,40.3273,0.00526499,0.000789748
2026-07-10T15:55:33,23.8754,0.0053162,0.00079743
2026-07-10T15:55:38,13.3551,0.00536861,0.000805291
2026-07-10T15:55:43,39.6258,0.005415,0.00081225
2026-07-10T15:55:48,29.2941,0.00546372,0.000819559
2026-07-10T15:55:53,35.4771,0.00551502,0.000827252
2026-07-10T15:55:58,16.3621,0.00556454,0.000834681
2026-07-10T15:56:03,39.7935,0.00560839,0.000841258
2026-07-10T15:56:08,24.4203,0.00564973,0.000847459
2026-07-10T15:56:13,32.3699,0.00569527,0.000854291
2026-07-10T15:56:18,21.1998,0.00574266,0.000861399
2026-07-10T15:56:23,69.7824,0.00579154,0.000868731
2026-07-10T15:56:28,46.8538,0.0058461,0.000876915
2026-07-10T15:56:33,28.9001,0.00590159,0.000885238
2026-07-10T15:56:39,16.8723,0.00594246,0.000891368
2026-07-10T15:56:44,26.5281,0.00598979,0.000898469
2026-07-10T15:56:49,19.3856,0.00603291,0.000904936
2026-07-10T15:56:54,47.9497,0.00607494,0.000911241
2026-07-10T15:56:59,61.7174,0.00612275,0.000918412
2026-07-10T15:57:04,22.0052,0.00617444,0.000926166
2026-07-10T15:57:09,24.0541,0.00622469,0.000933703
2026-07-10T15:57:14,46.5022,0.00627179,0.000940768
2026-07-10T15:57:19,36.5187,0.00632009,0.000948014
2026-07-10T15:57:24,34.966,0.00636701,0.000955052
2026-07-10T15:57:29,21.2423,0.00640405,0.000960608
2026-07-10T15:57:34,32.1653,0.00645489,0.000968234
2026-07-10T15:57:39,34.0545,0.00650459,0.000975689
2026-07-10T15:57:44,46.6652,0.00655583,0.000983374
2026-07-10T15:57:49,39.5789,0.00660253,0.00099038
2026-07-10T15:57:54,20.5913,0.00665115,0.000997673
2026-07-10T15:58:00,20.6885,0.00669959,0.00100494
2026-07-10T15:58:05,30.5556,0.00674746,0.00101212
2026-07-10T15:58:10,29.8349,0.00679554,0.00101933
2026-07-10T15:58:15,46.0779,0.00683865,0.0010258
2026-07-10T15:58:20,54.5641,0.00688049,0.00103207
2026-07-10T15:58:25,37.211,0.00692932,0.0010394
2026-07-10T15:58:30,44.6495,0.00698035,0.00104705
2026-07-10T15:58:35,43.022,0.00703783,0.00105567
2026-07-10T15:58:40,34.2915,0.007096,0.0010644
2026-07-10T15:58:45,47.7546,0.00716406,0.00107461
2026-07-10T15:58:50,51.844,0.00723897,0.00108585
2026-07-10T15:58:55,43.4338,0.00731645,0.00109747
2026-07-10T15:59:00,37.5816,0.00738398,0.0011076
2026-07-10T15:59:05,40.63,0.00745788,0.00111868
2026-07-10T15:59:10,29.6676,0.00752455,0.00112868
2026-07-10T15:59:16,36.9371,0.00759876,0.00113981
2026-07-10T15:59:21,49.8998,0.00766785,0.00115018
2026-07-10T15:59:26,51.3325,0.00774005,0.00116101
2026-07-10T15:59:31,60.7526,0.00781282,0.00117192
2026-07-10T15:59:36,57.7666,0.00788772,0.00118316
2026-07-10T15:59:41,64.1179,0.00796499,0.00119475
2026-07-10T15:59:46,46.9684,0.00804648,0.00120697
2026-07-10T15:59:51,55.9154,0.00811853,0.00121778
2026-07-10T15:59:56,52.5731,0.00818821,0.00122823
2026-07-10T16:00:01,40.8494,0.00825315,0.00123797
2026-07-10T16:00:06,48.8189,0.00832824,0.00124924
2026-07-10T16:00:11,39.159,0.00838793,0.00125819
2026-07-10T16:00:21,42.7691,5.81292e-05,8.71938e-06
2026-07-10T16:00:26,76.1139,0.000143542,2.15312e-05
2026-07-10T16:00:31,54.3264,0.000239351,3.59026e-05
2026-07-10T16:00:36,37.7528,0.000313789,4.70683e-05
2026-07-10T16:00:58,49.464,6.83156e-05,1.02473e-05
2026-07-10T16:01:03,55.6155,0.000136184,2.04276e-05
2026-07-10T16:01:08,35.3162,0.000202883,3.04324e-05
2026-07-10T16:01:14,51.1956,0.000270343,4.05514e-05
2026-07-10T16:01:19,57.423,0.000336063,5.04094e-05
2026-07-10T16:01:24,47.5734,0.000398955,5.98433e-05
2026-07-10T16:01:29,38.163,0.000462161,6.93242e-05
2026-07-10T16:01:34,53.2568,0.000532389,7.98583e-05
2026-07-10T16:01:39,39.2549,0.00059727,8.95905e-05
2026-07-10T16:01:44,54.3875,0.000663296,9.94945e-05
2026-07-10T16:01:49,46.8964,0.000728474,0.000109271
2026-07-10T16:01:54,38.9771,0.000797786,0.000119668
2026-07-10T16:01:59,39.9636,0.000854072,0.000128111
2026-07-10T16:02:04,47.7136,0.000914494,0.000137174
2026-07-10T16:02:09,14.807,0.000974254,0.000146138
2026-07-10T16:03:21,30.0817,5.83567e-05,8.7535e-06
2026-07-10T16:03:27,28.8593,0.000115941,1.73911e-05
2026-07-10T16:03:32,49.1092,0.000178795,2.68193e-05
2026-07-10T16:03:37,32.4666,0.000239602,3.59402e-05
2026-07-10T16:33:44,21.6413,4.81652e-05,7.22478e-06
2026-07-10T16:33:49,33.2081,9.50142e-05,1.42521e-05
2026-07-10T16:33:54,36.3543,0.00014267,2.14005e-05
2026-07-10T16:33:59,39.1858,0.000190168,2.85252e-05
2026-07-10T16:34:04,33.532,0.000237951,3.56927e-05
2026-07-10T16:34:09,28.261,0.000286964,4.30446e-05
2026-07-10T16:34:14,40.062,0.000341465,5.12198e-05
2026-07-10T16:34:19,36.4474,0.000389846,5.84769e-05
2026-07-10T16:34:24,44.0923,0.000453416,6.80123e-05
2026-07-10T16:34:29,45.0097,0.000507921,7.61882e-05
2026-07-10T16:34:34,71.7121,0.000607229,9.10843e-05
2026-07-10T16:34:39,43.8925,0.000688065,0.00010321
2026-07-10T16:34:44,45.8702,0.000749152,0.000112373
2026-07-10T16:34:49,51.7236,0.000810655,0.000121598
2026-07-10T16:34:54,43.4004,0.000870376,0.000130556
2026-07-10T16:34:59,38.5468,0.000933125,0.000139969
2026-07-10T16:35:04,46.4976,0.000994169,0.000149125
2026-07-10T16:35:09,43.7347,0.00105902,0.000158854
2026-07-10T16:35:14,40.4,0.00111628,0.000167442
2026-07-10T16:35:20,33.6479,0.00117874,0.000176811
2026-07-10T16:35:25,55.7498,0.00124134,0.0001862
2026-07-10T16:35:30,41.5613,0.00130096,0.000195144
2026-07-10T16:35:35,24.4828,0.00136659,0.000204988
2026-07-10T16:35:40,40.3335,0.00142787,0.000214181
2026-07-10T16:35:45,33.1402,0.00148846,0.00022327
2026-07-10T16:35:50,75.4313,0.00154978,0.000232466
2026-07-10T16:35:55,63.4666,0.00161889,0.000242833
2026-07-10T16:36:00,28.8292,0.00170137,0.000255205
2026-07-10T16:36:05,35.5573,0.00175044,0.000262566
2026-07-10T16:36:10,38.8637,0.00180193,0.00027029
2026-07-10T16:36:15,32.54,0.0018469,0.000277035
2026-07-10T16:36:20,33.6466,0.00189413,0.00028412
2026-07-10T16:36:26,34.7049,0.00193649,0.000290474
2026-07-10T16:36:31,74.3443,0.00202402,0.000303603
2026-07-10T16:36:36,38.9304,0.00210947,0.00031642
2026-07-10T16:36:41,40.3715,0.00216438,0.000324656
2026-07-10T16:36:46,38.1861,0.00222218,0.000333327
2026-07-10T16:36:51,47.1322,0.00227643,0.000341464
2026-07-10T16:36:56,38.8688,0.00233707,0.000350561
2026-07-10T16:37:01,44.0306,0.00239458,0.000359187
2026-07-10T16:37:06,45.8971,0.00245014,0.000367521
2026-07-10T16:37:11,25.1605,0.00249518,0.000374277
2026-07-10T16:37:16,29.0377,0.0025435,0.000381525
2026-07-10T16:37:21,38.6955,0.00258951,0.000388427
2026-07-10T16:37:26,38.0135,0.00263409,0.000395113
2026-07-10T16:37:31,37.9286,0.00268362,0.000402543
2026-07-10T16:37:36,15.3965,0.00273164,0.000409746
2026-07-10T16:37:42,25.203,0.00279435,0.000419152
2026-07-10T16:37:47,26.8642,0.00284093,0.000426139
2026-07-10T16:37:52,34.6816,0.00288664,0.000432996
2026-07-10T16:37:57,36.1452,0.00293459,0.000440188
2026-07-10T16:38:02,28.2983,0.00298369,0.000447554
2026-07-10T16:38:07,38.489,0.00303176,0.000454763
2026-07-10T16:38:12,37.3175,0.00308422,0.000462633
2026-07-10T16:38:17,17.9664,0.00313098,0.000469648
2026-07-10T16:38:22,42.8033,0.00318369,0.000477553
2026-07-10T16:38:27,39.2208,0.00323136,0.000484705
2026-07-10T16:38:32,60.2713,0.00328441,0.000492661
2026-07-10T16:38:37,30.2108,0.00333278,0.000499918
2026-07-10T16:38:42,21.296,0.00337855,0.000506782
2026-07-10T16:38:47,43.7152,0.00342767,0.00051415
2026-07-10T16:38:52,30.3168,0.0034752,0.00052128
2026-07-10T16:38:58,17.6873,0.00352378,0.000528567
2026-07-10T16:39:03,49.2368,0.00356876,0.000535314
2026-07-10T16:39:08,26.0206,0.00361947,0.000542921
2026-07-10T16:39:13,31.5254,0.00367196,0.000550795
2026-07-10T16:39:18,42.5179,0.00372114,0.00055817
2026-07-10T16:39:23,38.8116,0.00376998,0.000565497
2026-07-10T16:39:28,31.2155,0.00382003,0.000573004
2026-07-10T17:10:32,16.0196,4.41529e-05,6.62293e-06
2026-07-10T17:10:37,14.4172,8.48269e-05,1.2724e-05
2026-07-10T17:10:42,33.4278,0.000128185,1.92278e-05
2026-07-10T17:10:47,16.1537,0.000166625,2.49937e-05
2026-07-10T17:10:52,20.7181,0.000206742,3.10114e-05
2026-07-10T17:10:57,20.2778,0.000245674,3.68511e-05
2026-07-10T17:11:02,42.0813,0.000285237,4.27856e-05
2026-07-10T17:11:07,41.2849,0.00032497,4.87455e-05
2026-07-10T17:11:12,14.2788,0.000365908,5.48861e-05
2026-07-10T17:11:18,29.5438,0.000401203,6.01805e-05
2026-07-10T17:11:23,59.1865,0.000441317,6.61975e-05
2026-07-10T17:11:28,19.6095,0.000480985,7.21477e-05
2026-07-10T17:11:33,35.3755,0.000521406,7.8211e-05
2026-07-10T17:11:38,32.2561,0.000562279,8.43419e-05
2026-07-10T17:11:43,26.3673,0.000605054,9.0758e-05
2026-07-10T17:11:48,38.392,0.00064759,9.71385e-05
2026-07-10T17:11:53,28.448,0.000684809,0.000102721
2026-07-10T17:11:58,17.0442,0.000720861,0.000108129
2026-07-10T17:12:03,21.3623,0.000757848,0.000113677
2026-07-10T17:12:08,26.9977,0.000792339,0.000118851
2026-07-10T17:12:13,14.177,0.000829034,0.000124355
2026-07-10T17:12:18,28.5225,0.000866221,0.000129933
2026-07-10T17:12:23,36.904,0.000903593,0.000135539
2026-07-10T17:12:28,46.3041,0.000945391,0.000141809
2026-07-10T17:12:33,15.0445,0.000986173,0.000147926
2026-07-10T17:12:38,14.276,0.0010213,0.000153196
2026-07-10T17:12:43,31.1689,0.00105395,0.000158093
2026-07-10T17:12:48,36.9379,0.00108947,0.000163421
2026-07-10T17:19:02,19.6133,3.90507e-05,5.85761e-06
2026-07-10T17:19:07,21.5452,7.71671e-05,1.15751e-05
2026-07-10T17:19:12,30.0882,0.000118549,1.77823e-05
2026-07-10T17:19:17,24.0112,0.000161531,2.42297e-05
2026-07-10T17:19:22,39.4349,0.000202677,3.04016e-05
2026-07-10T17:19:27,16.9835,0.00023968,3.5952e-05
2026-07-10T17:19:32,31.9366,0.000281162,4.21743e-05
2026-07-10T17:19:37,15.433,0.000323481,4.85221e-05
2026-07-10T17:19:42,44.3196,0.000359582,5.39372e-05
2026-07-10T17:19:47,22.321,0.00039696,5.95439e-05
2026-07-10T17:19:52,33.7762,0.000430519,6.45778e-05
2026-07-10T17:19:57,15.0397,0.000466457,6.99686e-05
2026-07-10T17:20:02,15.1389,0.000502472,7.53708e-05
2026-07-10T17:20:07,22.7838,0.000540125,8.10187e-05
2026-07-10T17:20:12,34.1664,0.000580412,8.70619e-05
2026-07-10T17:20:17,15.1266,0.000620049,9.30073e-05
2026-07-10T17:20:22,28.5109,0.000659122,9.88683e-05
2026-07-10T17:20:27,31.4576,0.00069557,0.000104336
2026-07-10T17:20:32,27.9696,0.000735737,0.000110361
2026-07-10T17:20:37,53.9652,0.000775813,0.000116372
2026-07-10T17:20:42,30.3159,0.00081417,0.000122125
2026-07-10T17:20:47,19.3158,0.000850363,0.000127554
2026-07-10T17:20:52,15.4255,0.000886295,0.000132944
2026-07-10T17:23:04,43.78,4.16031e-05,6.24047e-06
2026-07-10T17:23:09,20.1787,8.67639e-05,1.30146e-05
2026-07-10T17:23:14,32.3041,0.000127441,1.91162e-05
2026-07-10T17:23:19,18.0307,0.000165036,2.47553e-05
2026-07-10T17:23:24,32.397,0.00020602,3.0903e-05
2026-07-10T17:23:29,24.5302,0.000248871,3.73306e-05
2026-07-10T17:23:34,28.5452,0.000292959,4.39439e-05
2026-07-10T17:23:39,15.4008,0.000337573,5.06359e-05
2026-07-10T17:23:44,40.1189,0.000383537,5.75305e-05
2026-07-10T17:23:49,42.1249,0.000425389,6.38083e-05
2026-07-10T17:23:54,45.2606,0.000472707,7.09061e-05
2026-07-10T17:23:59,56.1986,0.000512248,7.68373e-05
2026-07-10T17:24:04,44.0255,0.000561295,8.41943e-05
2026-07-10T17:24:10,51.2819,0.000609406,9.14108e-05
2026-07-10T17:24:15,13.6191,0.000652635,9.78952e-05
2026-07-10T17:24:20,59.1919,0.000697024,0.000104554
2026-07-10T17:24:25,34.4511,0.000733843,0.000110076
2026-07-10T17:24:30,33.0667,0.000776967,0.000116545
2026-07-10T17:24:35,40.315,0.000819133,0.00012287
2026-07-10T17:24:40,14.8124,0.000856552,0.000128483
2026-07-10T17:24:45,36.1795,0.000895583,0.000134338
2026-07-10T17:24:50,37.4127,0.000942246,0.000141337
2026-07-10T17:24:55,25.9233,0.000985447,0.000147817
2026-07-10T17:25:00,41.2349,0.00103221,0.000154831
2026-07-10T17:25:05,23.3231,0.00107705,0.000161557
2026-07-10T17:25:10,34.3017,0.00111645,0.000167467
2026-07-10T17:25:15,48.0243,0.00116454,0.000174681
2026-07-10T17:25:20,54.4169,0.00121344,0.000182017
2026-07-10T17:25:25,16.429,0.00126093,0.000189139
2026-07-10T17:25:30,17.3862,0.00130217,0.000195325
2026-07-10T17:25:35,17.7332,0.00135278,0.000202917
2026-07-10T17:25:40,30.6686,0.00139934,0.000209902
2026-07-10T17:25:45,28.8584,0.001449,0.000217351
2026-07-10T17:25:50,20.4776,0.00149221,0.000223831
2026-07-10T17:25:55,19.9063,0.00152902,0.000229353
2026-07-10T17:26:00,54.255,0.0015732,0.00023598
2026-07-10T17:26:05,24.8126,0.00162359,0.000243538
2026-07-10T17:26:10,57.7271,0.00167108,0.000250662
2026-07-10T17:26:15,30.0769,0.00171289,0.000256933
2026-07-10T17:26:20,15.1843,0.00175511,0.000263266
2026-07-10T17:26:25,44.277,0.00179148,0.000268722
2026-07-10T17:26:30,36.3535,0.00183064,0.000274596
2026-07-10T17:26:35,14.1451,0.00187939,0.000281909
2026-07-10T17:26:40,14.394,0.00191674,0.000287511
2026-07-10T17:26:45,59.4033,0.00195654,0.000293481
2026-07-10T17:26:50,32.7853,0.00199865,0.000299798
2026-07-10T17:26:55,14.2809,0.00203558,0.000305337
2026-07-10T17:27:01,31.6406,0.00207389,0.000311083
2026-07-10T17:27:06,14.357,0.00211048,0.000316572
2026-07-10T17:27:11,53.3661,0.00214753,0.00032213
2026-07-10T17:27:16,36.8181,0.00218184,0.000327277
2026-07-10T17:27:21,13.1582,0.00221701,0.000332552
2026-07-10T17:27:26,20.8422,0.00225633,0.000338449
2026-07-10T17:27:31,29.1127,0.0022983,0.000344746
2026-07-10T17:27:36,15.6663,0.00234097,0.000351145
2026-07-10T17:27:41,31.554,0.00237554,0.00035633
2026-07-10T17:27:46,16.6029,0.00241417,0.000362125
2026-07-10T17:27:51,24.3895,0.00245286,0.000367929
2026-07-10T17:27:56,28.41,0.00249599,0.000374398
2026-07-10T17:28:01,37.1352,0.0025356,0.00038034
2026-07-10T17:28:06,16.2326,0.00257567,0.00038635
2026-07-10T17:28:11,15.121,0.00261545,0.000392317
2026-07-10T17:28:16,17.4303,0.00265573,0.00039836
2026-07-10T17:28:21,14.1281,0.00269812,0.000404718
2026-07-10T17:28:26,18.622,0.00273977,0.000410966
2026-07-10T17:28:31,41.9869,0.00278283,0.000417425
2026-07-10T17:28:36,28.2077,0.00282785,0.000424177
2026-07-10T17:28:41,27.403,0.00286824,0.000430236
2026-07-10T17:28:47,32.439,0.00290991,0.000436486
2026-07-10T17:28:52,15.3441,0.00294942,0.000442414
2026-07-10T17:28:57,47.0955,0.0030054,0.00045081
2026-07-10T17:29:02,44.1056,0.00306034,0.000459051
2026-07-10T17:29:07,39.9638,0.00311883,0.000467825
2026-07-10T17:29:12,34.5369,0.00316575,0.000474863
2026-07-10T17:29:17,42.9132,0.00320409,0.000480613
2026-07-10T17:29:22,32.6732,0.00324445,0.000486667
2026-07-10T17:29:27,15.7036,0.00328469,0.000492704
2026-07-10T17:29:32,52.3583,0.00333127,0.00049969
2026-07-10T17:29:37,51.9747,0.00337368,0.000506053
2026-07-10T17:29:42,33.8035,0.00341605,0.000512407
2026-07-10T17:29:47,17.1802,0.00345686,0.00051853
2026-07-10T17:29:52,14.2973,0.00350018,0.000525027
2026-07-10T17:29:57,40.8469,0.00354051,0.000531077
2026-07-10T17:30:02,16.8485,0.00358559,0.000537838
2026-07-10T17:30:07,19.1218,0.00362483,0.000543724
2026-07-10T17:30:12,16.3751,0.00366363,0.000549545
2026-07-10T17:30:17,46.5512,0.0037095,0.000556425
2026-07-10T17:30:22,53.9756,0.0037583,0.000563745
2026-07-10T17:30:27,78.1584,0.00381215,0.000571822
2026-07-10T17:30:32,51.1933,0.00388301,0.000582452
2026-07-10T17:30:37,52.2879,0.00395456,0.000593183
2026-07-10T17:30:42,45.2719,0.00402535,0.000603803
2026-07-10T17:30:47,53.2369,0.00408655,0.000612982
2026-07-10T17:30:52,51.7798,0.00415207,0.000622811
2026-07-10T17:30:57,42.901,0.00421502,0.000632253
2026-07-10T17:31:02,43.6623,0.00427932,0.000641897
2026-07-10T17:31:07,52.5706,0.00433718,0.000650577
2026-07-10T17:31:13,46.8123,0.00439584,0.000659376
2026-07-10T17:31:18,30.0482,0.00445272,0.000667909
2026-07-10T17:31:23,31.867,0.00450658,0.000675986
2026-07-10T17:31:28,38.665,0.00456268,0.000684402
2026-07-10T17:31:33,57.7158,0.00462501,0.000693751
2026-07-10T17:31:38,36.0833,0.00468025,0.000702037
2026-07-10T17:31:43,63.1967,0.00473756,0.000710635
2026-07-10T17:31:48,49.6194,0.0047934,0.00071901
2026-07-10T17:31:53,40.0485,0.00485014,0.000727521
2026-07-10T17:31:58,48.6338,0.00491347,0.000737021
2026-07-10T17:32:03,30.2911,0.004968,0.000745199
2026-07-10T17:32:08,40.1064,0.00502348,0.000753521
2026-07-10T17:32:13,34.4238,0.00507911,0.000761866
2026-07-10T17:32:18,33.1945,0.00513615,0.000770423
2026-07-10T17:32:24,43.3444,0.00519184,0.000778776
2026-07-10T18:47:33,24.3889,4.64342e-05,6.96513e-06
2026-07-10T18:47:38,20.5799,8.19027e-05,1.22854e-05
2026-07-10T18:47:43,18.577,0.000116953,1.75429e-05
2026-07-10T18:47:48,22.4298,0.000147085,2.20627e-05
2026-07-10T18:47:53,33.4177,0.000183503,2.75255e-05
2026-07-10T18:47:58,27.3991,0.000220758,3.31137e-05
2026-07-10T18:48:03,31.5602,0.000255027,3.82541e-05
2026-07-10T18:48:08,38.0906,0.000288582,4.32873e-05
2026-07-10T18:48:13,27.3353,0.000323857,4.85786e-05
2026-07-10T18:48:18,22.7316,0.00035842,5.3763e-05
2026-07-10T18:48:23,29.0122,0.000393648,5.90472e-05
2026-07-10T18:48:28,29.188,0.000427265,6.40898e-05
2026-07-10T18:48:33,26.4713,0.000466045,6.99067e-05
2026-07-10T18:48:38,26.328,0.000502886,7.54329e-05
2026-07-10T18:48:43,15.4594,0.000537142,8.05713e-05
2026-07-10T18:48:48,26.1909,0.000568265,8.52397e-05
2026-07-10T18:48:53,13.3303,0.000603574,9.05362e-05
2026-07-10T18:48:58,27.5951,0.000634714,9.52071e-05
2026-07-10T18:49:03,29.3979,0.000668167,0.000100225
2026-07-10T18:49:08,17.7705,0.000701153,0.000105173
2026-07-10T18:49:13,16.9727,0.000732886,0.000109933
2026-07-10T18:49:18,29.2863,0.000763435,0.000114515
2026-07-10T18:49:23,18.4351,0.000796657,0.000119499
2026-07-10T18:49:28,30.155,0.000829447,0.000124417
2026-07-10T18:49:34,39.748,0.000870884,0.000130633
2026-07-10T18:49:39,20.4363,0.000902237,0.000135336
2026-07-10T18:49:44,14.4733,0.000938169,0.000140725
2026-07-10T18:49:49,28.1004,0.000972727,0.000145909
2026-07-10T18:49:54,15.7018,0.00100617,0.000150926
2026-07-10T18:49:59,18.195,0.00104079,0.000156118
2026-07-10T18:50:04,34.093,0.00107527,0.00016129
2026-07-10T18:50:09,14.0862,0.00110928,0.000166392
2026-07-10T18:50:14,28.3121,0.00114293,0.00017144
2026-07-10T18:50:19,28.1249,0.00117718,0.000176577
2026-07-10T18:50:24,14.4319,0.00121367,0.000182051
2026-07-10T18:50:29,25.6246,0.00124858,0.000187287
2026-07-10T18:50:34,36.1234,0.00129187,0.000193781
2026-07-10T18:50:39,15.2921,0.00132912,0.000199368
2026-07-10T18:50:44,26.7853,0.00136464,0.000204697
2026-07-10T18:50:49,37.891,0.0014005,0.000210075
2026-07-10T18:50:54,26.4323,0.00143366,0.000215049
2026-07-10T18:50:59,24.5124,0.00146825,0.000220238
2026-07-10T18:51:04,24.4916,0.00150306,0.000225459
2026-07-10T18:51:09,30.1967,0.00153319,0.000229978
2026-07-10T18:51:14,20.9493,0.00156667,0.000235001
2026-07-10T18:51:19,13.4765,0.00160446,0.00024067
2026-07-10T18:51:24,14.7513,0.00163841,0.000245762
2026-07-10T18:51:29,30.2701,0.00167012,0.000250518
2026-07-10T18:51:34,14.7893,0.00170926,0.000256389
2026-07-10T18:51:39,29.4092,0.00174289,0.000261433
2026-07-10T18:51:44,38.3823,0.00177859,0.000266788
2026-07-10T18:51:49,19.3328,0.00181193,0.000271789
2026-07-10T18:51:54,30.4182,0.00184304,0.000276455
2026-07-10T18:52:00,22.5412,0.00187579,0.000281369
2026-07-10T18:52:05,34.2588,0.0019074,0.00028611
2026-07-10T18:52:10,24.4261,0.00193918,0.000290877
2026-07-10T18:52:15,36.2062,0.00197088,0.000295631
2026-07-10T18:52:20,16.187,0.00200475,0.000300712
2026-07-10T18:52:25,13.446,0.00203839,0.000305758
2026-07-10T18:52:30,38.5662,0.00207149,0.000310724
2026-07-10T18:52:35,34.4402,0.00211338,0.000317006
2026-07-10T18:52:40,32.8777,0.00214645,0.000321968
2026-07-10T18:52:45,21.391,0.0021822,0.000327329
2026-07-10T18:52:50,30.5968,0.00221703,0.000332555
2026-07-10T18:52:55,20.3204,0.00225105,0.000337657
2026-07-10T18:53:00,16.8506,0.00228439,0.000342659
2026-07-10T19:45:14,52.9714,7.49262e-05,1.12389e-05
2026-07-10T19:45:19,45.5696,0.00014441,2.16616e-05
2026-07-10T19:45:24,51.0689,0.00021901,3.28515e-05
2026-07-10T19:45:29,39.5767,0.000294691,4.42036e-05
2026-07-10T19:45:34,66.4941,0.000369699,5.54548e-05
2026-07-10T20:00:43,32.3528,5.18275e-05,7.77413e-06
2026-07-10T20:00:48,19.8936,0.000100527,1.5079e-05
2026-07-10T20:50:32,41.6897,6.77438e-05,1.01616e-05
2026-07-10T20:50:37,49.5945,0.000134304,2.01455e-05
2026-07-10T20:50:42,54.9296,0.000200947,3.01421e-05
2026-07-10T20:50:47,59.06,0.000271064,4.06597e-05
2026-07-10T20:50:52,48.1799,0.00034192,5.1288e-05
2026-07-10T20:50:57,49.4421,0.000410678,6.16017e-05
2026-07-10T20:51:02,47.7171,0.000481575,7.22362e-05
2026-07-10T20:51:07,37.8528,0.000550007,8.2501e-05
2026-07-10T20:51:12,62.6902,0.000620426,9.30639e-05
2026-07-10T20:51:17,43.059,0.000689627,0.000103444
2026-07-10T20:51:22,38.5745,0.000759066,0.00011386
2026-07-10T20:51:27,52.6735,0.000829581,0.000124437
2026-07-10T20:51:33,44.589,0.000899366,0.000134905
2026-07-10T20:51:38,47.4022,0.000965297,0.000144795
2026-07-10T20:51:43,30.4922,0.00103615,0.000155422
2026-07-10T20:51:48,50.238,0.00110459,0.000165689
2026-07-10T20:51:53,42.6579,0.00117083,0.000175624
2026-07-10T20:51:58,51.9608,0.0012405,0.000186075
2026-07-10T20:52:03,37.3502,0.00131159,0.000196739
2026-07-10T20:52:08,46.1763,0.0013837,0.000207555
2026-07-10T20:52:13,77.3101,0.00145725,0.000218588
2026-07-10T20:52:18,58.1944,0.0015319,0.000229784
2026-07-10T20:52:23,55.9687,0.00160815,0.000241222
2026-07-10T20:52:28,59.3169,0.00168529,0.000252793
2026-07-10T20:52:33,50.407,0.00176335,0.000264502
2026-07-10T20:52:38,59.1551,0.00184353,0.00027653
2026-07-10T20:52:43,67.2066,0.00192206,0.000288309
2026-07-10T20:52:48,48.2272,0.00199915,0.000299872
2026-07-10T20:52:54,64.7555,0.00207861,0.000311792
2026-07-10T20:52:59,54.6856,0.00215944,0.000323916
2026-07-10T20:53:04,59.9048,0.00224031,0.000336046
2026-07-10T20:53:09,59.5938,0.00231565,0.000347347
2026-07-10T20:53:14,40.0487,0.00239394,0.000359092
2026-07-10T20:53:19,59.122,0.00246629,0.000369944
2026-07-10T20:53:24,57.451,0.0025418,0.00038127
2026-07-10T20:53:29,56.2427,0.00261952,0.000392928
2026-07-10T20:53:34,69.2223,0.00269747,0.00040462
2026-07-10T20:53:39,59.0527,0.00277106,0.000415659
2026-07-10T20:53:44,53.4825,0.0028501,0.000427516
2026-07-10T20:53:49,45.3563,0.00292488,0.000438732
2026-07-10T20:53:54,51.2371,0.00300234,0.000450351
2026-07-10T20:54:00,46.9906,0.00307322,0.000460983
2026-07-10T20:54:05,54.868,0.00314764,0.000472146
2026-07-10T20:54:10,45.3832,0.00321864,0.000482797
2026-07-10T20:54:15,52.9226,0.00328746,0.00049312
2026-07-10T20:54:20,38.722,0.00336111,0.000504167
2026-07-10T20:54:25,46.1603,0.00343042,0.000514564
2026-07-10T20:54:30,64.1393,0.00350239,0.000525359
2026-07-10T20:54:35,46.6426,0.00357205,0.000535808
2026-07-10T20:54:40,47.4432,0.00364208,0.000546312
2026-07-10T20:54:45,41.3187,0.00370997,0.000556496
2026-07-10T20:54:50,50.4841,0.00377594,0.000566391
2026-07-10T20:54:55,52.009,0.00384204,0.000576306
2026-07-10T20:55:00,42.2998,0.00390571,0.000585856
2026-07-10T20:55:05,45.7104,0.00396954,0.00059543
2026-07-10T20:55:10,58.3381,0.00403631,0.000605446
2026-07-10T20:55:16,49.929,0.00410174,0.000615261
2026-07-10T20:55:21,60.0037,0.00417536,0.000626303
2026-07-10T20:55:26,47.4384,0.00424944,0.000637416
2026-07-10T20:55:31,56.512,0.00431952,0.000647928
2026-07-10T20:55:36,49.1476,0.00439077,0.000658615
2026-07-10T20:55:41,49.9759,0.00446222,0.000669333
2026-07-10T20:55:46,47.8856,0.00453264,0.000679896
2026-07-10T20:55:51,50.8897,0.00460066,0.000690098
2026-07-10T20:55:56,39.1926,0.00466601,0.000699901
2026-07-10T20:56:01,36.5758,0.00473101,0.000709651
2026-07-10T20:56:06,45.1854,0.00479903,0.000719854
2026-07-10T20:56:11,52.7413,0.00486874,0.00073031
2026-07-10T20:56:16,54.7323,0.00493974,0.000740962
2026-07-10T20:56:21,57.3518,0.005013,0.00075195
2026-07-10T20:56:26,50.2439,0.00508486,0.000762729
2026-07-10T20:56:31,46.0441,0.00515734,0.000773601
2026-07-10T20:56:37,57.5468,0.00523094,0.000784642
2026-07-10T20:56:42,52.294,0.00529913,0.000794869
2026-07-10T20:56:47,44.0927,0.00537013,0.000805519
2026-07-10T20:56:52,71.9306,0.00544261,0.000816391
2026-07-10T20:56:57,59.2785,0.00551663,0.000827494
2026-07-10T20:57:02,55.8446,0.00558742,0.000838114
2026-07-10T20:57:07,53.3059,0.00565892,0.000848838
2026-07-10T20:57:12,49.102,0.00573117,0.000859676
2026-07-10T20:57:17,48.6626,0.005803,0.00087045
2026-07-10T20:57:22,57.5415,0.00587249,0.000880874
2026-07-10T20:57:27,48.6273,0.00594327,0.00089149
2026-07-10T20:57:32,50.6055,0.00601608,0.000902411
2026-07-10T20:57:37,52.013,0.00608514,0.000912771
2026-07-10T20:57:43,59.7127,0.0061554,0.000923311
2026-07-10T20:57:48,42.0298,0.00622599,0.000933898
2026-07-10T20:57:53,59.9471,0.00629307,0.00094396
2026-07-10T20:57:58,50.6569,0.00636044,0.000954067
2026-07-10T20:58:03,51.5137,0.00643343,0.000965014
2026-07-10T20:58:08,48.5505,0.00650218,0.000975328
2026-07-10T20:58:13,49.2671,0.00657331,0.000985997
2026-07-10T20:58:18,42.9866,0.00664003,0.000996005
2026-07-10T20:58:23,52.0272,0.00670576,0.00100586
2026-07-10T20:58:28,56.1619,0.00677725,0.00101659
2026-07-10T20:58:33,49.8216,0.00684929,0.00102739
2026-07-10T20:58:38,64.5886,0.00692071,0.00103811
2026-07-10T20:58:43,46.6476,0.00699004,0.00104851
2026-07-10T20:58:48,50.8532,0.00705903,0.00105885
2026-07-10T20:58:53,51.3783,0.00713125,0.00106969
2026-07-10T20:58:58,44.0249,0.00720401,0.0010806
2026-07-10T20:59:03,51.4953,0.00727512,0.00109127
2026-07-10T20:59:08,38.3161,0.00734335,0.0011015
2026-07-10T20:59:13,54.4258,0.00740888,0.00111133
2026-07-10T20:59:19,52.424,0.00747718,0.00112158
2026-07-10T20:59:24,51.4273,0.00754485,0.00113173
2026-07-10T20:59:29,77.027,0.00761275,0.00114191
2026-07-10T20:59:34,50.9294,0.00768029,0.00115204
2026-07-10T20:59:39,51.9916,0.00774721,0.00116208
2026-07-10T20:59:44,55.054,0.00781645,0.00117247
2026-07-10T20:59:49,50.0853,0.00788331,0.0011825
2026-07-10T20:59:54,59.3279,0.00795382,0.00119307
2026-07-10T20:59:59,42.5692,0.00802184,0.00120328
2026-07-10T21:55:17,33.6249,6.01527e-05,9.0229e-06
2026-07-10T21:55:22,37.4892,0.000120749,1.81124e-05
2026-07-10T21:55:27,41.5147,0.000179732,2.69598e-05
2026-07-10T21:55:32,57.0734,0.000247569,3.71354e-05
2026-07-10T21:55:37,36.0941,0.0003115,4.67251e-05
2026-07-10T21:55:42,48.631,0.000380273,5.70409e-05
2026-07-10T21:55:47,35.6706,0.000441676,6.62515e-05
2026-07-10T21:55:52,50.9867,0.00050491,7.57364e-05
2026-07-10T21:55:57,40.965,0.000568102,8.52152e-05
2026-07-10T21:56:02,50.4093,0.000635424,9.53135e-05
2026-07-10T21:56:07,41.0282,0.000702582,0.000105387
2026-07-10T21:56:12,38.0737,0.0007582,0.00011373
2026-07-10T21:56:17,48.4288,0.000824079,0.000123612
2026-07-10T21:56:22,33.8433,0.000886486,0.000132973
2026-07-10T21:56:27,27.9642,0.000945635,0.000141845
2026-07-10T21:56:32,34.0914,0.00101236,0.000151853
2026-07-10T21:56:38,50.6957,0.00107524,0.000161286
2026-07-10T21:56:43,41.247,0.00114954,0.000172431
2026-07-10T21:56:48,55.1772,0.00121156,0.000181735
2026-07-10T21:56:53,22.7966,0.00127266,0.000190899
2026-07-10T21:56:58,54.0095,0.00133439,0.000200158
2026-07-10T21:57:03,19.1601,0.00138782,0.000208173
2026-07-10T21:57:08,52.6841,0.00146056,0.000219084
2026-07-10T21:57:13,49.5305,0.00151718,0.000227577
2026-07-10T21:57:18,56.7048,0.00158105,0.000237157
2026-07-10T21:57:23,38.9357,0.00164423,0.000246635
2026-07-10T21:57:28,40.2892,0.00170685,0.000256027
